,med_name,count(med_name)
0,SODIUM CHLORIDE 0.9 % INJECTION SYRINGE,2183
1,IPRATROPIUM-ALBUTEROL 0.5 MG-3 MG(2.5 MG BASE)/3 ML NEBULIZATION SOLN,1744
2,ONDANSETRON HCL (PF) 4 MG/2 ML INJECTION SOLUTION,1685
3,HYDROMORPHONE 2 MG/ML INJECTION SOLUTION,1449
4,SODIUM CHLORIDE 0.9 % INTRAVENOUS SOLUTION,1211
5,SODIUM CHLORIDE 0.9% BOLUS IV,944
6,FENTANYL (PF) 50 MCG/ML INJECTION SOLUTION,757
7,NALOXONE 0.4 MG/ML INJECTION SOLUTION,754
8,ONDANSETRON 4 MG DISINTEGRATING TABLET,692
9,DIPHENHYDRAMINE 50 MG/ML INJECTION SOLUTION,549
10,ACETAMINOPHEN 325 MG TABLET,494
11,HYDROCODONE 5 MG-ACETAMINOPHEN 325 MG TABLET,449
12,FAMOTIDINE (PF) 20 MG/2 ML INTRAVENOUS SOLUTION,399
13,"OXYTOCIN IN LACTATED RINGERS 20 UNIT/1,000 ML INTRAVENOUS SOLUTION",397
14,INSULIN LISPRO 100 UNITS/ML VARIABLE DOSE,394
15,DEXTROSE 50 % IN WATER (D50W) INTRAVENOUS SYRINGE,391
16,DOCUSATE SODIUM 100 MG CAPSULE,391
17,MIDAZOLAM 1 MG/ML INJECTION SOLUTION,385
18,LORAZEPAM 2 MG/ML INJECTION SOLUTION,383
19,LIDOCAINE (PF) 10 MG/ML (1 %) INJECTION SOLUTION,354
20,HYDROCODONE 7.5 MG-ACETAMINOPHEN 325 MG TABLET,351
21,FAMOTIDINE 20 MG TABLET,323
22,IOVERSOL 320 MG IODINE/ML INTRAVENOUS SYRINGE,319
23,MORPHINE 4 MG/ML INTRAVENOUS SOLUTION,317
24,ENOXAPARIN 40 MG/0.4 ML SUBCUTANEOUS SYRINGE,307
25,BUDESONIDE 0.5 MG/2 ML SUSPENSION FOR NEBULIZATION,302
26,OXYCODONE 5 MG TABLET,301
27,METOCLOPRAMIDE 5 MG/ML INJECTION SOLUTION,282
28,LACTATED RINGERS INTRAVENOUS SOLUTION,280
29,SENNOSIDES-DOCUSATE SODIUM 8.6 MG-50 MG TABLET,276
30,LABETALOL 20 MG/4 ML (5 MG/ML) INTRAVENOUS SYRINGE,273
31,BREAST MILK,272
32,IBUPROFEN 800 MG TABLET,270
33,MAGNESIUM HYDROXIDE 400 MG/5 ML ORAL SUSPENSION,267
34,BISACODYL 10 MG RECTAL SUPPOSITORY,262
35,"PANTOPRAZOLE 40 MG TABLET,DELAYED RELEASE",261
36,LEVALBUTEROL 0.63 MG/3 ML SOLUTION FOR NEBULIZATION,261
37,PROMETHAZINE 12.5 MG/0.1 ML TOPICAL GEL COMPOUND,259
38,KETOROLAC 30 MG/ML (1 ML) INJECTION SOLUTION,256
39,FUROSEMIDE 10 MG/ML INJECTION SOLUTION,254
40,POLYETHYLENE GLYCOL 3350 17 GRAM ORAL POWDER PACKET,253
41,SODIUM CHLORIDE 0.9% IV FLUSH BAG 250ML,248
42,ALBUTEROL SULFATE 2.5 MG/3 ML (0.083 %) SOLUTION FOR NEBULIZATION,244
43,"LACTOBACILLUS ACIDOPHILUS, CASEI, RHAMNOSUS 50 BILLION CELL CAPSULE",237
44,HYDROCODONE 10 MG-ACETAMINOPHEN 325 MG TABLET,229
45,"POTASSIUM CHLORIDE ER 10 MEQ TABLET,EXTENDED RELEASE",218
46,DIPHENHYDRAMINE 25 MG TABLET,210
47,HYDRALAZINE 20 MG/ML INJECTION SOLUTION,205
48,INSULIN GLARGINE 100 UNITS/ML SO,200
49,CEFTRIAXONE 1000 MG INFUSION SO,194
50,ERYTHROMYCIN 5 MG/GRAM (0.5 %) EYE OINTMENT,192
51,GLUCAGON (HUMAN RECOMBINANT) 1 MG/ML SOLUTION FOR INJECTION,189
52,PRENATAL VITAMIN-IRON FUMARATE 28 MG-FOLIC ACID 800 MCG TABLET,189
53,NALBUPHINE 10 MG/ML INJECTION SOLUTION,185
54,VITAMINS A AND D-WHITE PETROLATUM-LANOLIN TOPICAL OINTMENT IN A PACKET,184
55,PHYTONADIONE (VITAMIN K1) 1 MG/0.5 ML INJECTION SYRINGE,181
56,MISOPROSTOL 200 MCG TABLET,175
57,LANOLIN 100 % TOPICAL OINTMENT,175
58,INFANT FORMULA,174
59,METHYLERGONOVINE 0.2 MG/ML (1 ML) INJECTION SOLUTION,173
60,CARBOPROST TROMETHAMINE 250 MCG/ML INTRAMUSCULAR SOLUTION,170
61,HEPATITIS B VIRUS VACCINE RECOMB (PF) 5 MCG/0.5 ML INTRAMUSCULAR SUSP,169
62,DEXTROSE 5 % IN WATER (D5W) INTRAVENOUS SOLUTION,167
63,IBUPROFEN 600 MG TABLET,164
64,SUCROSE 24% ORAL SOLUTION,161
65,VANCOMYCIN CUSTOM DOSE IVPB,152
66,"HEPARIN, PORCINE (PF) 10 UNIT/ML INTRAVENOUS SYRINGE",151
67,SIMETHICONE 80 MG CHEWABLE TABLET,150
68,OXYCODONE-ACETAMINOPHEN 10 MG-325 MG TABLET,146
69,CHOLECALCIFEROL (VITAMIN D3) 400 UNIT/ML ORAL DROPS,142
70,PANTOPRAZOLE 40 MG INTRAVENOUS SOLUTION,142
71,LISINOPRIL 10 MG TABLET,142
72,MICONAZOLE NITRATE 2 % TOPICAL POWDER,141
73,CEPHALEXIN 500 MG CAPSULE,139
74,WITCH HAZEL-GLYCERIN (HAMAMEL) TOPICAL PADS,136
75,PROMETHAZINE 25 MG TABLET,135
76,,131
77,"HEPARIN (PORCINE) 1,000 UNIT/ML INJECTION SOLUTION",129
78,ACETAMINOPHEN 300 MG-CODEINE 30 MG TABLET,128
79,OXYCODONE-ACETAMINOPHEN 5 MG-325 MG TABLET,127
80,AMLODIPINE 5 MG TABLET,126
81,"ACETAMINOPHEN 1,000 MG/100 ML (10 MG/ML) INTRAVENOUS SOLUTION",126
82,ACETAMINOPHEN 500 MG TABLET,124
83,"ASPIRIN 81 MG TABLET,DELAYED RELEASE",122
84,OXYCODONE 20 MG/ML ORAL CONCENTRATE,122
85,POTASSIUM CHLORIDE CUSTOM IVPB,121
86,CEFAZOLIN 2 GRAM/50 ML IN DEXTROSE (ISO-OSMOTIC) INTRAVENOUS PIGGYBACK,121
87,PIPERACILLIN-TAZOBACTAM 3.375 GRAM/50 ML DEXTROSE(ISO-OS) IV PIGGYBACK,120
88,TRAMADOL 50 MG TABLET,120
89,PREDNISONE 20 MG TABLET,120
90,GABAPENTIN 300 MG CAPSULE,115
91,"HEPARIN, PORCINE (PF) 5,000 UNIT/0.5 ML INJECTION SYRINGE",115
92,POTASSIUM CHLORIDE 40 MEQ/100 ML INTRAVENOUS PIGGYBACK,113
93,ALBUTEROL SULFATE HFA 90 MCG/ACTUATION AEROSOL INHALER,112
94,CEFAZOLIN 2 GRAM/100 ML IN DEXTROSE(ISO-OSMOTIC) INTRAVENOUS PIGGYBACK,108
95,METOPROLOL TARTRATE 25 MG TABLET,108
96,VANCOMYCIN CONSULT TO PHARMACY,106
97,"DIPHTH,PERTUS(AC)TETANUS(PF)2 LF-(2.5-5-3-5MCG)-5 LF/0.5 ML IM SYRINGE",105
98,TAMSULOSIN 0.4 MG CAPSULE,104
99,FUROSEMIDE 40 MG TABLET,100
100,INSULIN LISPRO 100 UNIT/ML SUBCUTANEOUS PEN,100
101,OXYTOCIN IN LACTATED RINGERS 30 UNIT/500 ML INTRAVENOUS SOLUTION,99
102,ASPIRIN 81 MG CHEWABLE TABLET,93
103,MAGNESIUM SULFATE 2 GRAM/50 ML (4 %) IN WATER INTRAVENOUS PIGGYBACK,93
104,BUPIVACAINE (PF) 0.25 % (2.5 MG/ML) INJECTION SOLUTION,91
105,METOPROLOL TARTRATE 5 MG/5 ML INTRAVENOUS SOLUTION,90
106,CYCLOBENZAPRINE 10 MG TABLET,89
107,SODIUM CHLORIDE 0.9 % IRRIGATION SOLUTION,87
108,ONDANSETRON 8 MG DISINTEGRATING TABLET,86
109,CLOPIDOGREL 75 MG TABLET,83
110,HYDROCHLOROTHIAZIDE 25 MG TABLET,81
111,SCOPOLAMINE 1.5 MG TRANSDERMAL PATCH (1 MG OVER 3 DAYS),81
112,OXYCODONE-ACETAMINOPHEN 7.5 MG-325 MG TABLET,81
113,METHYLPREDNISOLONE 4 MG TABLETS IN A DOSE PACK,80
114,METHOCARBAMOL 500 MG TABLET,80
115,IOVERSOL 320 MG IODINE/ML INTRAVENOUS SOLUTION,77
116,"OMEPRAZOLE 20 MG CAPSULE,DELAYED RELEASE",77
117,AMOXICILLIN 875 MG-POTASSIUM CLAVULANATE 125 MG TABLET,77
118,BENZOCAINE-MENTHOL 20 %-0.5 % TOPICAL AEROSOL,77
119,CIPROFLOXACIN 500 MG TABLET,76
120,VANCOMYCIN 1 GRAM/200 ML IN DEXTROSE 5 % INTRAVENOUS PIGGYBACK,74
121,DEXTROSE 5% IN WATER IV FLUSH BAG 250 ML,73
122,PROPOFOL 10 MG/ML INTRAVENOUS EMULSION,73
123,LIDOCAINE 4 % TOPICAL PATCH,73
124,DEXAMETHASONE SODIUM PHOSPHATE (PF) 10 MG/ML INJECTION SOLUTION,72
125,AZITHROMYCIN 250 MG TABLET,71
126,CEFOXITIN 2000 MG INFUSION SO,71
127,APIXABAN 5 MG TABLET,70
128,ATORVASTATIN 20 MG TABLET,70
129,"HEPARIN (PORCINE) (PF) 1,000 UNIT/500 ML IN 0.9 % SODIUM CHLORIDE IV",70
130,"ASPIRIN 325 MG TABLET,DELAYED RELEASE",69
131,"NEOMYCIN-BACITRACIN ZN-POLYMYXIN 3.5 MG-400 UNIT-5,000 UNIT TOP OINT PKT",69
132,FENTANYL-ROPIVACAINE-NACL (PF) 2 MCG/ML-0.2 % INJECTION SOLUTION,69
133,IMS MIXTURE TEMPLATE,68
134,ZOLPIDEM 5 MG TABLET,68
135,"ALBUMIN, HUMAN 25 % INTRAVENOUS SOLUTION",68
136,DEXAMETHASONE 4 MG/ML INJECTION SOLUTION,67
137,HYDRALAZINE 25 MG TABLET,66
138,ALPRAZOLAM 0.25 MG TABLET,66
139,METRONIDAZOLE 500 MG TABLET,65
140,FAT EMULSION 20 % INTRAVENOUS,65
141,SODIUM CITRATE-CITRIC ACID 500 MG-334 MG/5 ML ORAL SOLUTION,65
142,CETIRIZINE 10 MG TABLET,65
143,FERROUS SULFATE 325 MG (65 MG IRON) TABLET,64
144,NOREPINEPHRINE INFUSION,64
145,LEVOFLOXACIN 500 MG TABLET,64
146,NEONATAL TPN - OKLC,62
147,CARVEDILOL 6.25 MG TABLET,62
148,MORPHINE 10 MG/ML INTRAVENOUS CARTRIDGE,61
149,CLONIDINE HCL 0.1 MG TABLET,60
150,MAGNESIUM OXIDE 400 MG TABLET,60
151,LIDOCAINE (PF) 20 MG/ML (2 %) INJECTION SOLUTION,60
152,ADULT CENTRAL TPN - OKLC,60
153,MUPIROCIN 2 % TOPICAL OINTMENT,60
154,METHYLPREDNISOLONE 125 MG SOLUTION FOR INJECTION SO,60
155,ACETAMINOPHEN 650 MG RECTAL SUPPOSITORY,60
156,EPHEDRINE SULFATE 50 MG/ML INJECTION SOLUTION,59
157,ENOXAPARIN 30 MG/0.3 ML SUBCUTANEOUS SYRINGE,59
158,ALPRAZOLAM 0.5 MG TABLET,59
159,"FLUTICASONE 50 MCG/ACTUATION NASAL SPRAY,SUSPENSION",59
160,DEXTROSE 5 % AND LACTATED RINGERS INTRAVENOUS SOLUTION,58
161,HALOPERIDOL LACTATE 5 MG/ML INJECTION SOLUTION,58
162,PROMETHAZINE 50 MG/ML INJECTION SOLUTION,57
163,FUROSEMIDE 20 MG TABLET,57
164,DIAZEPAM 5 MG/ML INJECTION SYRINGE,57
165,PREDNISONE 10 MG TABLET,57
166,DEXTROSE 5 % AND 0.9 % SODIUM CHLORIDE INTRAVENOUS SOLUTION,56
167,LORAZEPAM 1 MG TABLET,55
168,BALSAM PERU-CASTOR OIL 87 MG-788 MG/GRAM TOPICAL OINTMENT,55
169,METOPROLOL TARTRATE 50 MG TABLET,54
170,INSULIN NPH HUMAN RECOMB 100 UNIT/ML (3 ML) SUBCUTANEOUS PEN,54
171,INSULIN GLARGINE 100 UNIT/ML (3 ML) SUBCUTANEOUS PEN,53
172,DEXTROSE 5 % AND 0.45 % SODIUM CHLORIDE INTRAVENOUS SOLUTION,53
173,CALCIUM CARBONATE 200 MG CALCIUM (500 MG) CHEWABLE TABLET,53
174,IOHEXOL 300 MG/ML ORAL SOLUTION,53
175,MECLIZINE 25 MG TABLET,52
176,LACTATED RINGERS BOLUS IV,51
177,METFORMIN 500 MG TABLET,51
178,"BUPIVACAINE-EPINEPHRINE 0.25 %-1:200,000 INJECTION SOLUTION",51
179,PROPOFOL 10 MG/ML INFUSION,51
180,LISINOPRIL 5 MG TABLET,50
181,GADOBENATE DIMEGLUMINE 529 MG/ML(0.1 MMOL/0.2 ML) INTRAVENOUS SOLUTION,50
182,SERTRALINE 50 MG TABLET,50
183,FENTANYL (PF) 2 MCG/ML-BUPIVACAINE 0.125 %-NACL INJECTION SOLUTION,50
184,SODIUM CHLORIDE 0.45 % INTRAVENOUS SOLUTION,49
185,METHYLPREDNISOLONE SOD SUCC (PF) 40 MG/ML SOLUTION FOR INJECTION,49
186,VANCOMYCIN CUSTOM DOSE IVPB IN 500 ML,48
187,MICONAZOLE NITRATE 2 % TOPICAL OINTMENT,48
188,TRIAMCINOLONE ACETONIDE 0.1 % TOPICAL CREAM,48
189,PREDNISOLONE SODIUM PHOSPHATE 15 MG/5 ML (3 MG/ML) ORAL SOLUTION,48
190,MELATONIN 3 MG DISINTEGRATING TABLET,48
191,GI COCKTAIL (MAALOX 20ML + LIDOCAINE 10ML) COMPOUND,47
192,NICARDIPINE 20 MG/200 ML IN SODIUM CHLORIDE(ISO) INTRAVENOUS PIGGYBACK,47
193,BUTALBITAL-ACETAMINOPHEN-CAFFEINE 50 MG-325 MG-40 MG TABLET,47
194,CLINDAMYCIN 900 MG/50 ML IN 5 % DEXTROSE INTRAVENOUS PIGGYBACK,47
195,"METOPROLOL SUCCINATE ER 25 MG TABLET,EXTENDED RELEASE 24 HR",47
196,DIAZEPAM 5 MG TABLET,47
197,PROCHLORPERAZINE MALEATE 10 MG TABLET,46
198,ALBUTEROL SULFATE 2.5 MG/0.5 ML SOLUTION FOR NEBULIZATION,45
199,HYDROCORTISONE SOD SUCCINATE (PF) 100 MG/2 ML SOLUTION FOR INJECTION,45
200,VANCOMYCIN 250 MG/5 ML ORAL SOLUTION,44
201,HYDROCORTISONE 2.5 % TOPICAL CREAM WITH PERINEAL APPLICATOR,44
202,"L.ACIDOPHIL,PARACASEI-S.THERMOPHIL-BIFIDOBACTER 8 BILLION CELL CAPSULE",43
203,LORAZEPAM 0.5 MG TABLET,42
204,GABAPENTIN 100 MG CAPSULE,42
205,METHYLPREDNISOLONE SOD SUCC (PF) 125 MG/2 ML SOLUTION FOR INJECTION,42
206,ASPIRIN 325 MG TABLET,41
207,AMPICILLIN 2000 MG INFUSION SO,41
208,OTHER,41
209,DIGOXIN 250 MCG TABLET,41
210,"LIDOCAINE 1 %-EPINEPHRINE 1:100,000 INJECTION SOLUTION",40
211,TIZANIDINE 4 MG TABLET,40
212,CITALOPRAM 20 MG TABLET,40
213,HYDROMORPHONE 2 MG TABLET,40
214,LOSARTAN 50 MG TABLET,40
215,AMLODIPINE 10 MG TABLET,40
216,MONTELUKAST 10 MG TABLET,39
217,LEVOTHYROXINE 100 MCG TABLET,39
218,HYOSCYAMINE 0.125 MG SUBLINGUAL TABLET,39
219,POTASSIUM CHLORIDE 20 MEQ ORAL PACKET,39
220,KETOROLAC 60 MG/2 ML INTRAMUSCULAR SOLUTION,39
221,MELOXICAM 15 MG TABLET,39
222,BENZONATATE 100 MG CAPSULE,39
223,"DULOXETINE 30 MG CAPSULE,DELAYED RELEASE",38
224,ONDANSETRON HCL 4 MG TABLET,38
225,HYOSCYAMINE SULFATE 0.125 MG TABLET,38
226,METRONIDAZOLE 500 MG/100 ML-SODIUM CHLORIDE(ISO) INTRAVENOUS PIGGYBACK,38
227,ANTIBIOTIC CUSTOM IRRIGATION (INTRA-OP),38
228,ATORVASTATIN 10 MG TABLET,37
229,"BUPIVACAINE-EPINEPHRINE (PF) 0.25 %-1:200,000 INJECTION SOLUTION",37
230,PRAVASTATIN 20 MG TABLET,37
231,AMIODARONE 200 MG TABLET,37
232,LACTULOSE 20 GRAM/30 ML ORAL SOLUTION,37
233,CHLORHEXIDINE GLUCONATE 0.12 % MOUTHWASH,37
234,DIGOXIN 125 MCG TABLET,36
235,SULFAMETHOXAZOLE 800 MG-TRIMETHOPRIM 160 MG TABLET,36
236,BARIUM SULFATE 96 % (W/W) ORAL POWDER FOR SUSPENSION,36
237,LIDOCAINE 2 % MUCOUS MEMBRANE JELLY IN APPLICATOR,36
238,NITROGLYCERIN 0.4 MG SUBLINGUAL TABLET,36
239,GLYCOPYRROLATE (PF) 1 MG/5 ML (0.2 MG/ML) IN STERILE WATER IV SYRINGE,36
240,FLUTICASONE 100 MCG-VILANTEROL 25 MCG/DOSE POWDER FOR INHALATION,36
241,IBUPROFEN 200 MG TABLET,36
242,LEVOFLOXACIN 500 MG/100 ML IN 5 % DEXTROSE INTRAVENOUS PIGGYBACK,35
243,PIPERACILLIN-TAZOBACTAM 2.25 GRAM/50 ML IN DEXTROSE(ISO) IV PIGGYBACK,35
244,LEVETIRACETAM IVPB,35
245,ALUMINUM-MAG HYDROXIDE-SIMETHICONE 200 MG-200 MG-20 MG/5 ML ORAL SUSP,35
246,MEROPENEM 500 MG INFUSION SO,35
247,LEVETIRACETAM 500 MG TABLET,35
248,ESCITALOPRAM 10 MG TABLET,34
249,CEFDINIR 300 MG CAPSULE,34
250,LEVOTHYROXINE 50 MCG TABLET,34
251,FLU VACCINE QUADRIVALENT 2016-2017 (36 MOS+)(PF) 60 MCG(15 MCGX4)/0.5 ML IM SYRINGE,34
252,THERAPEUTIC MULTIVITAMIN TABLET,34
253,CALCIUM GLUCONATE IVPB,34
254,AZITHROMYCIN 500 MG INFUSION SO,33
255,AMPICILLIN 1000 MG INFUSION SO,33
256,DOXYCYCLINE HYCLATE 100 MG TABLET,33
257,FOLIC ACID 1 MG TABLET,33
258,STARTER TPN IN D10W - OKLC,32
259,LIDOCAINE 5 % TOPICAL OINTMENT,32
260,IOPAMIDOL 61 % INTRAVENOUS SOLUTION,32
261,"GUAIFENESIN ER 600 MG TABLET, EXTENDED RELEASE 12 HR",32
262,SUCRALFATE 100 MG/ML ORAL SUSPENSION,32
263,RANITIDINE 150 MG TABLET,32
264,PROMETHAZINE 25 MG/ML INJECTION SOLUTION,32
265,WEANING TPN - OKLC,32
266,PHENOL 1.4 % MUCOSAL AEROSOL SPRAY,32
267,"BISACODYL 5 MG TABLET,DELAYED RELEASE",32
268,"BARIUM SULFATE 40 % (W/V), 30% (W/W) ORAL PASTE",32
269,TRAZODONE 50 MG TABLET,32
270,POLYETHYLENE GLYCOL 3350 17 GRAM/DOSE ORAL POWDER,31
271,OXYBUTYNIN CHLORIDE 5 MG TABLET,31
272,IBUPROFEN 100 MG/5 ML ORAL SUSPENSION,31
273,LEVOTHYROXINE 75 MCG TABLET,31
274,MORPHINE (PF) 0.5 MG/ML INJECTION SOLUTION,31
275,"BARIUM SULFATE 40 % (W/V), 30 % (W/W) ORAL SUSPENSION",30
276,"PANTOPRAZOLE 20 MG TABLET,DELAYED RELEASE",30
277,HYDROCORTISONE 1 %-PRAMOXINE 1 % RECTAL FOAM,30
278,LABETALOL 200 MG TABLET,30
279,MORPHINE (PF) 1 MG/ML INJECTION SOLUTION,30
280,GUAIFENESIN 100 MG/5 ML ORAL LIQUID,30
281,NICOTINE 14 MG/24 HR DAILY TRANSDERMAL PATCH,30
282,METHYLPREDNISOLONE 40 MG SOLUTION FOR INJECTION SO,30
283,MAGNESIUM CITRATE ORAL SOLUTION,30
284,TEMAZEPAM 15 MG CAPSULE,29
285,IPRATROPIUM BROMIDE 0.02 % SOLUTION FOR INHALATION,29
286,ENOXAPARIN 100 MG/ML SUBCUTANEOUS SYRINGE,29
287,"POTASSIUM CHLORIDE ER 20 MEQ TABLET,EXTENDED RELEASE(PART/CRYST)",29
288,"NIFEDIPINE ER 30 MG TABLET,EXTENDED RELEASE 24 HR",29
289,LISINOPRIL 20 MG TABLET,29
290,FINASTERIDE 5 MG TABLET,29
291,"METOPROLOL SUCCINATE ER 50 MG TABLET,EXTENDED RELEASE 24 HR",28
292,OXYCODONE 15 MG TABLET,28
293,ATROPINE 1 % EYE DROPS,28
294,WARFARIN 5 MG TABLET,28
295,SEPSIS ANTIBIOTIC ALERT TO PHARMACY,28
296,"CHOLECALCIFEROL (VITAMIN D3) 1,000 UNIT TABLET",28
297,SUCRALFATE 1 GRAM TABLET,28
298,MEPERIDINE (PF) 25 MG/ML INJECTION SYRINGE,28
299,HYDROMORPHONE IN NS 30 MG/30 ML PCA SO,27
300,INSULIN LISPRO 100 UNIT/ML SUBCUTANEOUS SOLUTION,27
301,LEVOFLOXACIN 750 MG/150 ML IN 5 % DEXTROSE INTRAVENOUS PIGGYBACK,27
302,MISOPROSTOL 25 MCG TAB,27
303,SPIRONOLACTONE 25 MG TABLET,27
304,MAGNESIUM SULFATE 4 GRAM/100 ML (4 %) IN WATER INTRAVENOUS PIGGYBACK,27
305,SODIUM POLYSTYRENE SULFONATE 15 GRAM-SORBITOL 20 GRAM/60 ML ORAL SUSP,27
306,CLONAZEPAM 0.5 MG TABLET,27
307,SODIUM BICARBONATE 8.4 % (1 MEQ/ML) INTRAVENOUS SYRINGE,26
308,OUTPATIENT INFUSION BUILDER,26
309,SACCHAROMYCES BOULARDII 250 MG CAPSULE,26
310,ACETAMINOPHEN 325 MG/10.15 ML ORAL SOLUTION,26
311,PIPERACILLIN-TAZOBACTAM 3.375 GRAM INFUSION SO,26
312,CEFAZOLIN 1 GRAM/50 ML IN DEXTROSE (ISO-OSMOTIC) INTRAVENOUS PIGGYBACK,26
313,MULTIVITAMIN TABLET,26
314,ORPHENADRINE CITRATE 30 MG/ML INJECTION SOLUTION,26
315,CIPROFLOXACIN 400 MG/200 ML IN 5 % DEXTROSE INTRAVENOUS PIGGYBACK,25
316,"ISOSORBIDE MONONITRATE ER 30 MG TABLET,EXTENDED RELEASE 24 HR",25
317,POTASSIUM CHLORIDE 20 MEQ/15 ML ORAL LIQUID,25
318,"BARIUM SULFATE 40 % (W/V), 29% (W/W) ORAL SUSPENSION",25
319,AMOXICILLIN 500 MG CAPSULE,25
320,FORMOTEROL FUMARATE 20 MCG/2 ML SOLUTION FOR NEBULIZATION,25
321,"HEPARIN (PORCINE) 25,000 UNIT/250 ML IN 0.45 % SODIUM CHLORIDE IV SOLN",25
322,PREDNISONE 5 MG TABLET,24
323,TRANEXAMIC ACID IRRIGATION,24
324,ENALAPRILAT 1.25 MG/ML INTRAVENOUS SOLUTION,24
325,TIZANIDINE 2 MG TABLET,24
326,DIPHENOXYLATE-ATROPINE 2.5 MG-0.025 MG TABLET,24
327,CLONIDINE HCL 0.2 MG TABLET,24
328,LIDOCAINE 10 MG/ML (1 %) INJECTION SOLUTION,24
329,PREDNISONE 50 MG TABLET,24
330,LIDOCAINE 5 % TOPICAL PATCH,24
331,PERFLUTREN LIPID MICROSPHERES 1.1 MG/ML INTRAVENOUS SUSPENSION,24
332,"HEPARIN, PORCINE (PF) 100 UNIT/ML INTRAVENOUS SYRINGE",24
333,UMECLIDINIUM 62.5 MCG/ACTUATION BLISTER POWDER FOR INHALATION,24
334,TERBUTALINE 1 MG/ML SUBCUTANEOUS SOLUTION,24
335,"WATER FOR IRRIGATION, STERILE SOLUTION",24
336,BACLOFEN 10 MG TABLET,23
337,LOPERAMIDE 2 MG CAPSULE,23
338,CARVEDILOL 3.125 MG TABLET,23
339,LEVOTHYROXINE 125 MCG TABLET,23
340,APIXABAN 2.5 MG TABLET,23
341,IOTHALAMATE MEGLUMINE 60 % INJECTION SOLUTION,23
342,FLUOXETINE 20 MG CAPSULE,23
343,DIGOXIN 250 MCG/ML INJECTION SOLUTION,23
344,LOSARTAN 100 MG TABLET,23
345,CARVEDILOL 25 MG TABLET,23
346,NITROFURANTOIN MONOHYDRATE/MACROCRYSTALS 100 MG CAPSULE,22
347,LORATADINE 10 MG TABLET,22
348,QUETIAPINE 25 MG TABLET,22
349,PREGABALIN 50 MG CAPSULE,22
350,FENTANYL 25 MCG/HR TRANSDERMAL PATCH,22
351,SIMVASTATIN 40 MG TABLET,22
352,DEXTROMETHORPHAN-GUAIFENESIN 10 MG-100 MG/5 ML SYRUP,22
353,TRANEXAMIC ACID IVPB,22
354,"RHO(D) IMMUNE GLOBULIN 1,500 UNIT (300 MCG)/2 ML INJECTION SYRINGE",22
355,THIAMINE IVPB,22
356,HYDROXYZINE HCL 25 MG TABLET,22
357,"WATER FOR INJECTION, STERILE INJECTION SOLUTION",22
358,MORPHINE CONCENTRATE 100 MG/5 ML (20 MG/ML) ORAL SOLUTION,22
359,METOPROLOL TARTRATE 100 MG TABLET,22
360,ASCORBIC ACID (VITAMIN C) 500 MG TABLET,22
361,DILTIAZEM 5 MG/ML INTRAVENOUS SOLUTION,21
362,SIMVASTATIN 20 MG TABLET,21
363,ALPRAZOLAM 1 MG TABLET,21
364,METOCLOPRAMIDE 10 MG TABLET,21
365,DOXYCYCLINE HYCLATE 100 MG CAPSULE,21
366,SODIUM CHLORIDE 0.65 % NASAL SPRAY AEROSOL,21
367,ALLOPURINOL 100 MG TABLET,21
368,NAPROXEN 500 MG TABLET,21
369,SODIUM BICARBONATE CONTINUOUS INFUSION,21
370,"OMEPRAZOLE 40 MG CAPSULE,DELAYED RELEASE",21
371,OTHER MEDICATION CONSULT TO PHARMACY,21
372,FENTANYL 50 MCG/HR TRANSDERMAL PATCH,20
373,WARFARIN DAILY DOSE,20
374,INSULIN REGULAR HUMAN 100 UNIT/ML INJECTION SOLUTION,20
375,ASPIRIN 300 MG RECTAL SUPPOSITORY,20
376,PROMETHAZINE 6.25 MG-CODEINE 10 MG/5 ML SYRUP,20
377,INSULIN DETEMIR 100 UNIT/ML (3 ML) SUBCUTANEOUS PEN,20
378,HYDRALAZINE 50 MG TABLET,20
379,EPHEDRINE (PF) 25 MG/5 ML (5 MG/ML) IN 0.9% SODIUM CHLORIDE IV SYRINGE,20
380,RIVAROXABAN 20 MG TABLET,19
381,ALUMINUM-MAG HYDROXIDE-SIMETHICONE 400 MG-400 MG-40 MG/5 ML ORAL SUSP,19
382,LEVOFLOXACIN 750 MG TABLET,19
383,DEXAMETHASONE 4 MG TABLET,19
384,BANANA BAG (CUSTOMIZABLE),19
385,TORSEMIDE 20 MG TABLET,19
386,LEVOTHYROXINE 25 MCG TABLET,19
387,"HEPARIN, PORCINE (PF) 1 UNIT/ML INTRAVENOUS SYRINGE",19
388,PNEUMOCOCCAL 13-VAL CONJ VACCINE-DIP CRM (PF) 0.5 ML IM SYRINGE,18
389,"ERGOCALCIFEROL (VITAMIN D2) 50,000 UNIT CAPSULE",18
390,ENOXAPARIN 80 MG/0.8 ML SUBCUTANEOUS SYRINGE,18
391,"VANCOMYCIN 1,000 MG INTRAVENOUS INJECTION",18
392,OLANZAPINE 10 MG INTRAMUSCULAR SOLUTION,18
393,POTASSIUM CHLORIDE 20 MEQ/L IN DEXTROSE 5 %-0.45 % SODIUM CHLORIDE IV,18
394,GABAPENTIN 400 MG CAPSULE,18
395,OXYCODONE 10 MG TABLET,18
396,"METFORMIN 1,000 MG TABLET",18
397,NICOTINE 21 MG/24 HR DAILY TRANSDERMAL PATCH,18
398,PIPERACILLIN-TAZOBACTAM 4.5 GRAM/100 ML DEXTROSE(ISO-OSM) IV PIGGYBACK,18
399,SODIUM CHLORIDE 1 GRAM TABLET,18
400,GENTAMICIN SULFATE (PEDIATRIC) (PF) 20 MG/2 ML INJECTION SOLUTION,17
401,CUSTOM IV FLUID,17
402,MAGNESIUM SULFATE IVPB,17
403,ALLOPURINOL 300 MG TABLET,17
404,CYCLOPENTOLATE-PHENYLEPHRINE 0.2 %-1 % EYE DROPS,17
405,"OXYBUTYNIN CHLORIDE ER 5 MG TABLET,EXTENDED RELEASE 24 HR",17
406,LOSARTAN 25 MG TABLET,17
407,PHENAZOPYRIDINE 200 MG TABLET,17
408,PRENATAL VITAMIN#15-CARBONYL IRON-FA-DOCUSATE 90 MG-1 MG-50 MG TABLET,17
409,OXYCODONE 20 MG TABLET,17
410,CLINDAMYCIN 150 MG CAPSULE,16
411,BUSPIRONE 10 MG TABLET,16
412,RACEPINEPHRINE 2.25 % SOLUTION FOR NEBULIZATION,16
413,PHENAZOPYRIDINE 95 MG TABLET,16
414,ERTAPENEM 1 GRAM INFUSION SO,16
415,AMPICILLIN-SULBACTAM (UNASYN) 3 GRAM INFUSION SO,16
416,THIAMINE HCL (VITAMIN B1) 100 MG TABLET,16
417,VANCOMYCIN 1000 MG INFUSION SO,16
418,SODIUM BICARBONATE IN 1000 ML INFUSION,16
419,SODIUM CHLORIDE 0.9 % INJECTION SOLUTION,16
420,BARIUM SULFATE 700 MG TABLET,16
421,AMPICILLIN 500 MG SOLUTION FOR INJECTION,16
422,"CALCIUM CARBONATE 600 MG (1,500 MG)-VITAMIN D3 400 UNIT TABLET",16
423,OLANZAPINE 5 MG TABLET,15
424,BETAMETHASONE ACETATE AND SODIUM PHOS 6 MG/ML SUSPENSION FOR INJECTION,15
425,CEFTRIAXONE 2000 MG INFUSION SO,15
426,"MEASLES,MUMPS,RUBELLA VACCINE LIVE(PF)1,000-12,500TCID50/0.5 ML SUBCUT",15
427,ENOXAPARIN 60 MG/0.6 ML SUBCUTANEOUS SYRINGE,15
428,ROPINIROLE 0.25 MG TABLET,15
429,CUSTOM MULTIMODAL ANALGESIA SOLUTION,15
430,ATENOLOL 50 MG TABLET,15
431,LEVOTHYROXINE 150 MCG TABLET,15
432,DEXTROMETHORPHAN-GUAIFENESIN 30 MG-600 MG TABLET EXTENDED RELEASE12 HR,15
433,DILTIAZEM 60 MG TABLET,15
434,SENNOSIDES 8.6 MG TABLET,15
435,CLINDAMYCIN 300 MG CAPSULE,15
436,WHITE PETROLATUM 41 % TOPICAL OINTMENT,15
437,VALSARTAN 80 MG TABLET,15
438,HYDROMORPHONE 4 MG TABLET,15
439,AMLODIPINE 2.5 MG TABLET,15
440,LEVOFLOXACIN 250 MG/50 ML IN 5 % DEXTROSE INTRAVENOUS PIGGYBACK,15
441,FLUTICASONE 200 MCG-VILANTEROL 25 MCG/DOSE POWDER FOR INHALATION,15
442,AMIODARONE IV BOLUS,14
443,NAPROXEN 375 MG TABLET,14
444,ETODOLAC 400 MG TABLET,14
445,ZIPRASIDONE 20 MG/ML (FINAL CONCENTRATION) INTRAMUSCULAR SOLUTION,14
446,"DILTIAZEM CD 180 MG CAPSULE,EXTENDED RELEASE 24 HR",14
447,FLUCONAZOLE 200 MG TABLET,14
448,ALTEPLASE IRRIGATION SYRINGE,14
449,PREGABALIN 75 MG CAPSULE,14
450,MIRTAZAPINE 15 MG TABLET,14
451,ACYCLOVIR 800 MG TABLET,14
452,IRON SUCROSE IN SODIUM CHLORIDE INFUSION,14
453,EZETIMIBE 10 MG TABLET,14
454,BACITRACIN IRRIGATION (INTRA-OP),14
455,LOCAL ANESTHETIC CUSTOM MIXTURE (INTRA-OP),14
456,HYDRALAZINE 10 MG TABLET,14
457,CLONAZEPAM 1 MG TABLET,14
458,DEXMEDETOMIDINE 4 MCG/ML INFUSION,14
459,MELOXICAM 7.5 MG TABLET,14
460,SODIUM PHOSPHATES 19 GRAM-7 GRAM/118 ML ENEMA,14
461,OXYMETAZOLINE 0.05 % NASAL SPRAY,14
462,FUROSEMIDE 80 MG TABLET,14
463,"BUPROPION HCL SR 150 MG TABLET,SUSTAINED-RELEASE",13
464,METHADONE 10 MG TABLET,13
465,FENTANYL (PF) 10 MCG/ML (1 ML) IN 0.9 % SODIUM CHLORIDE INTRAVENOUS,13
466,MEPERIDINE (PF) 100 MG/ML INJECTION SYRINGE,13
467,HYDROCODONE 10 MG-CHLORPHENIRAMINE 8 MG/5 ML ORAL SUSP EXTEND.REL 12HR,13
468,LOSARTAN 100 MG-HYDROCHLOROTHIAZIDE 25 MG TABLET,13
469,PROCHLORPERAZINE EDISYLATE 10 MG/2 ML (5 MG/ML) INJECTION SOLUTION,13
470,MEMANTINE 5 MG TABLET,13
471,AMIODARONE IV DRIP,13
472,KETOROLAC 10 MG TABLET,13
473,ACETYLCYSTEINE 200 MG/ML (20 %) SOLUTION,13
474,ROSUVASTATIN 10 MG TABLET,13
475,POTASSIUM PHOSPHATE 40 MMOL IVPB,13
476,MAGNESIUM SULFATE 20 GRAM/500 ML (4 %) IN WATER INTRAVENOUS SOLUTION,13
477,INDOMETHACIN 50 MG RECTAL SUPPOSITORY,13
478,RIFAXIMIN 550 MG TABLET,13
479,FLUTICASONE 250 MCG-SALMETEROL 50 MCG/DOSE BLISTR POWDR FOR INHALATION,13
480,PNEUMOCOCCAL 23 POLYVALENT VACCINE 25 MCG/0.5 ML INJECTION SOLUTION,13
481,"BUPROPION HCL XL 150 MG 24 HR TABLET, EXTENDED RELEASE",13
482,METHOCARBAMOL 750 MG TABLET,13
483,QUETIAPINE 100 MG TABLET,12
484,ATORVASTATIN 40 MG TABLET,12
485,DILTIAZEM 30 MG TABLET,12
486,LIDOCAINE (PF) 40 MG/ML (4 %) INJECTION SOLUTION,12
487,"MESALAMINE 1.2 GRAM TABLET,DELAYED RELEASE",12
488,PHENYLEPHRINE 1 MG/10 ML (100 MCG/ML) IN 0.9 % SOD.CHLORIDE IV SYRINGE,12
489,"DULOXETINE 60 MG CAPSULE,DELAYED RELEASE",12
490,SODIUM PHOSPHATE 30 MMOL IVPB,12
491,NALOXEGOL 25 MG TABLET,12
492,"THROMBIN (BOVINE) 20,000 UNIT TOPICAL SPRAY",12
493,MEGESTROL 400 MG/10 ML (10 ML) ORAL SUSPENSION,12
494,"OXYCODONE ER 10 MG TABLET,CRUSH RESISTANT,EXTENDED RELEASE 12 HR",12
495,LEVOFLOXACIN 250 MG TABLET,12
496,CLINDAMYCIN 600 MG/50 ML IN 5 % DEXTROSE INTRAVENOUS PIGGYBACK,12
497,BENAZEPRIL 10 MG TABLET,12
498,"NYSTATIN 100,000 UNIT/GRAM TOPICAL POWDER",12
499,POTASSIUM CHLORIDE 20 MEQ/50 ML INTRAVENOUS PIGGYBACK,12
500,HYDROCODONE 7.5 MG-ACETAMINOPHEN 325 MG/15 ML ORAL SOLUTION,12
501,CEFEPIME 1000 MG INFUSION SO,12
502,DIAZEPAM 2 MG TABLET,12
503,"MORPHINE ER 15 MG TABLET,EXTENDED RELEASE",12
504,PRAMIPEXOLE 0.25 MG TABLET,11
505,"ESOMEPRAZOLE MAGNESIUM 20 MG CAPSULE,DELAYED RELEASE",11
506,LINEZOLID 600 MG TABLET,11
507,MELATONIN 3 MG TABLET,11
508,CEFEPIME 2000 MG INFUSION SO,11
509,INSULIN ASPART 100 UNITS/ML SO,11
510,HYDROXYCHLOROQUINE 200 MG TABLET,11
511,DEXAMETHASONE 20MG IVPB,11
512,TRAZODONE 100 MG TABLET,11
513,SODIUM CHLORIDE 7 % FOR NEBULIZATION,11
514,"MORPHINE ER 30 MG TABLET,EXTENDED RELEASE",11
515,NABUMETONE 750 MG TABLET,11
516,HYDROCORTISONE 20 MG TABLET,11
517,"ORPHENADRINE CITRATE ER 100 MG TABLET,EXTENDED RELEASE",11
518,POTASSIUM PHOSPHATE 30 MMOL IVPB,11
519,CALCIUM CHLORIDE 100 MG/ML (10 %) INTRAVENOUS SYRINGE,11
520,RIVAROXABAN 15 MG TABLET,11
521,ACETAZOLAMIDE 500 MG SOLUTION FOR INJECTION,11
522,SODIUM BICARBONATE 325 MG TABLET,11
523,IOPAMIDOL 76 % INTRAVENOUS SOLUTION,11
524,INSULIN ASPART 100UNITS/ML VARIABLE DOSE,11
525,FENTANYL 100 MCG/HR TRANSDERMAL PATCH,11
526,TETRACAINE HCL (PF) 0.5 % EYE DROPS,11
527,WARFARIN 2 MG TABLET,11
528,ALBUTEROL SULFATE 0.63 MG/3 ML SOLUTION FOR NEBULIZATION,11
529,SERTRALINE 100 MG TABLET,11
530,METOLAZONE 5 MG TABLET,11
531,CHLORDIAZEPOXIDE 25 MG CAPSULE,10
532,TIOTROPIUM BROMIDE 18 MCG CAPSULE WITH INHALATION DEVICE,10
533,BENZOCAINE-MENTHOL 15 MG-3.6 MG LOZENGES,10
534,DEXTROSE 10% BOLUS IV,10
535,EPINEPHRINE 1 MG/ML (1 ML) INJECTION SOLUTION,10
536,DIPHENHYDRAMINE 12.5 MG/5 ML ORAL ELIXIR,10
537,CUSTOM MOUTHWASH,10
538,LATANOPROST 0.005 % EYE DROPS,10
539,CHLORDIAZEPOXIDE-CLIDINIUM 5 MG-2.5 MG CAPSULE,10
540,NIFEDIPINE 10 MG CAPSULE,10
541,GLYCERIN (CHILD) RECTAL SUPPOSITORY,10
542,"SODIUM CHLORIDE 0.9 %, BACTERIOSTATIC INJECTION SOLUTION",10
543,ALTEPLASE 2 MG INTRA-CATHETER SOLUTION,10
544,PEPPERMINT OIL,10
545,WARFARIN 7.5 MG TABLET,10
546,BUPIVACAINE (PF) 0.5 % (5 MG/ML) INJECTION SOLUTION,10
547,LINEZOLID 600 MG/300 ML INTRAVENOUS SOLUTION,10
548,ATROPINE 0.1 MG/ML INJECTION SYRINGE,10
549,SILVER SULFADIAZINE 1 % TOPICAL CREAM,10
550,BUPIVACAINE LIPOSOME(PF) 1.3 %(13.3 MG/ML) SUSPENSION FOR INFILTRATION,10
551,LEVOTHYROXINE 112 MCG TABLET,10
552,LEVOTHYROXINE 100 MCG INTRAVENOUS SOLUTION,10
553,"POTASSIUM CHLORIDE ER 20 MEQ TABLET,EXTENDED RELEASE",10
554,METRONIDAZOLE 250 MG TABLET,10
555,CALCIUM ACETATE 667 MG CAPSULE,10
556,BUPIVACAINE 0.25 % (2.5 MG/ML) INJECTION SOLUTION,10
557,INSULIN DRIP (ICU),10
558,LORAZEPAM 2 MG/ML ORAL CONCENTRATE,10
559,CLINDAMYCIN 600 MG INFUSION SO,10
560,"DILTIAZEM CD 120 MG CAPSULE,EXTENDED RELEASE 24 HR",10
561,AMOXICILLIN 500 MG-POTASSIUM CLAVULANATE 125 MG TABLET,9
562,CEFAZOLIN 1 GRAM SOLUTION FOR INJECTION,9
563,RIVAROXABAN 10 MG TABLET,9
564,CEFAZOLIN 3 GRAM/100 ML IN 0.9 % SODIUM CHLORIDE INTRAVENOUS PIGGYBACK,9
565,DONEPEZIL 10 MG TABLET,9
566,DEXTROSE 10 % IN WATER (D10W) INTRAVENOUS SOLUTION,9
567,CYANOCOBALAMIN (VIT B-12) 250 MCG TABLET,9
568,CALCIUM CHLORIDE IVPB,9
569,"NIFEDIPINE ER 60 MG TABLET,EXTENDED RELEASE 24 HR",9
570,DIVALPROEX 125 MG SPRINKLE CAPSULE,9
571,HYDROXYZINE HCL 10 MG TABLET,9
572,ZINC OXIDE 20 % TOPICAL OINTMENT,9
573,GADOVERSETAMIDE 10 MMOL/20 ML (330.9 MG/ML) INTRAVENOUS SOLUTION,9
574,PEG 3350-ELECTROLYTES 236 GRAM-22.74 GRAM-6.74 GRAM-5.86 GRAM SOLUTION,9
575,LIDOCAINE 2 % MUCOSAL SOLUTION,9
576,CARVEDILOL 12.5 MG TABLET,9
577,PANTOPRAZOLE 80 MG IN 100 ML CONTINUOUS INFUSION,9
578,AMOXICILLIN 600 MG-POTASSIUM CLAVULANATE 42.9 MG/5 ML ORAL SUSPENSION,9
579,PRAVASTATIN 40 MG TABLET,9
580,RANITIDINE 75 MG TABLET,9
581,LINAGLIPTIN 5 MG TABLET,9
582,LAMOTRIGINE 100 MG TABLET,9
583,AMOXICILLIN 875 MG TABLET,9
584,LEVOFLOXACIN CUSTOM DOSE IVPB,9
585,MORPHINE 15 MG IMMEDIATE RELEASE TABLET,9
586,IODIXANOL 320 MG IODINE/ML INTRAVENOUS SOLUTION,9
587,BUDESONIDE-FORMOTEROL HFA 160 MCG-4.5 MCG/ACTUATION AEROSOL INHALER,9
588,DOXAZOSIN 4 MG TABLET,9
589,SUFENTANIL CITRATE 50 MCG/ML INTRAVENOUS SOLUTION,9
590,"HYDROMORPHONE ER 32 MG TABLET,EXTENDED RELEASE 24 HR",9
591,LABETALOL 300 MG TABLET,9
592,FLUORESCEIN 1 MG EYE STRIPS,9
593,HYDROXYZINE PAMOATE 50 MG CAPSULE,9
594,"ESOMEPRAZOLE MAGNESIUM 40 MG CAPSULE,DELAYED RELEASE",8
595,CARISOPRODOL 350 MG TABLET,8
596,CEFTRIAXONE 1 GRAM SOLUTION FOR INJECTION,8
597,VANCOMYCIN PEDIATRIC IV SYRINGE,8
598,MAGIC MOUTHWASH DIPHENHYDRAM 12.5MG/5ML-VISC LIDO-MAALOX,8
599,"MIRABEGRON ER 25 MG TABLET,EXTENDED RELEASE 24 HR",8
600,FUROSEMIDE 10 MG/ML ORAL SOLUTION,8
601,LEVETIRACETAM 750 MG TABLET,8
602,DONEPEZIL 5 MG TABLET,8
603,MELATONIN 5 MG TABLET,8
604,ROPINIROLE 1 MG TABLET,8
605,LISINOPRIL 20 MG-HYDROCHLOROTHIAZIDE 25 MG TABLET,8
606,KETAMINE 50 MG/5 ML (10 MG/ML) IN STERILE WATER INTRAVENOUS SYRINGE,8
607,IOTHALAMATE MEGLUMINE 17.2 % URETHRAL SOLUTION,8
608,CELECOXIB 200 MG CAPSULE,8
609,FLUTICASONE 500 MCG-SALMETEROL 50 MCG/DOSE BLISTR POWDR FOR INHALATION,8
610,BISOPROLOL FUMARATE 5 MG TABLET,8
611,PIPERACILLIN-TAZOBACTAM 4.5 GRAM INFUSION SO,8
612,"BUPROPION HCL XL 300 MG 24 HR TABLET, EXTENDED RELEASE",8
613,SODIUM HYPOCHLORITE 0.5 % SOLUTION,8
614,HEPARIN IN DEXTROSE NEONATAL INFUSION,8
615,PASTEURIZED DONOR HUMAN MILK,8
616,PHENYLEPHRINE 10 MG/ML INJECTION SOLUTION,8
617,CLONIDINE 0.1 MG/24 HR WEEKLY TRANSDERMAL PATCH,8
618,LACOSAMIDE 50 MG TABLET,8
619,AZITHROMYCIN 250MG IVPB,8
620,DICYCLOMINE 10 MG CAPSULE,8
621,PROMETHAZINE-DM 6.25 MG-15 MG/5 ML SYRUP,8
622,RISPERIDONE 1 MG TABLET,8
623,FLUCONAZOLE 100 MG TABLET,8
624,VITAMIN B COMPLEX AND VITAMIN C NO.20-FOLIC ACID 1 MG CAPSULE,8
625,CIPRO IN NORMAL SALINE IVPB,8
626,"OMEGA-3 FATTY ACIDS-FISH OIL 300 MG-1,000 MG CAPSULE",8
627,BUSPIRONE 5 MG TABLET,8
628,AMOXICILLIN 400 MG/5 ML ORAL SUSPENSION,8
629,DICLOFENAC 1 % TOPICAL GEL,8
630,LISINOPRIL ORAL,8
631,ACYCLOVIR 200 MG CAPSULE,8
632,METHYLERGONOVINE 0.2 MG TABLET,8
633,"NYSTATIN 100,000 UNIT/ML ORAL SUSPENSION",8
634,IBUPROFEN 400 MG TABLET,8
635,GLIPIZIDE 5 MG TABLET,8
636,OXYCODONE 30 MG TABLET,8
637,AZTREONAM 2000 MG INFUSION SO,8
638,NITROGLYCERIN 2 % TRANSDERMAL OINTMENT,7
639,FENOFIBRATE NANOCRYSTALLIZED 145 MG TABLET,7
640,DEXAMETHASONE 10 MG/ML INJECTION SOLUTION,7
641,LACTATED RINGERS IRRIGATION SOLUTION,7
642,"OMEGA-3 FATTY ACIDS-FISH OIL 340 MG-1,000 MG CAPSULE",7
643,CALCIUM GLUCONATE 100 MG/ML (10 %) INTRAVENOUS SOLUTION,7
644,GABAPENTIN 600 MG TABLET,7
645,GLIPIZIDE 10 MG TABLET,7
646,CYCLOSPORINE 0.05 % EYE DROPS IN A DROPPERETTE,7
647,HYDROCORTISONE ACETATE 25 MG RECTAL SUPPOSITORY,7
648,"BUPIVACAINE-EPINEPHRINE (PF) 0.5 %-1:200,000 INJECTION SOLUTION",7
649,LEVOTHYROXINE 88 MCG TABLET,7
650,SODIUM BORATE-BORIC ACID-SODIUM CHLORIDE-WATER EYE WASH SOLN,7
651,SOTALOL 80 MG TABLET,7
652,ATENOLOL 25 MG TABLET,7
653,SIMVASTATIN 10 MG TABLET,7
654,LAMOTRIGINE 25 MG TABLET,7
655,"VENLAFAXINE ER 150 MG CAPSULE,EXTENDED RELEASE 24 HR",7
656,FEXOFENADINE 60 MG TABLET,7
657,PROPRANOLOL 10 MG TABLET,7
658,MEMANTINE 10 MG TABLET,7
659,"LIDOCAINE-EPINEPHRINE 0.5 %-1:200,000 INJECTION SOLUTION",7
660,"METOPROLOL SUCCINATE ER 100 MG TABLET,EXTENDED RELEASE 24 HR",7
661,BUTORPHANOL TARTRATE 2 MG/ML INJECTION SOLUTION,7
662,CEFDINIR 125 MG/5 ML ORAL SUSPENSION,7
663,SODIUM BICARBONATE 650 MG TABLET,7
664,"ASCORBIC ACID (VITAMIN C) 1,000 MG TABLET",7
665,ALVIMOPAN 12 MG CAPSULE,7
666,"CYANOCOBALAMIN (VIT B-12) 1,000 MCG/ML INJECTION SOLUTION",7
667,HYDROXYZINE PAMOATE 25 MG CAPSULE,7
668,PHENYLEPHRINE INFUSION (ANESTH INTRA-OP),7
669,LISINOPRIL 40 MG TABLET,7
670,PSEUDOEPHEDRINE 30 MG TABLET,7
671,POTASSIUM CHLORIDE 20 MEQ/L IN 0.9 % SODIUM CHLORIDE INTRAVENOUS,7
672,PIPERACILLIN-TAZOBACTAM 2.25 GRAM INFUSION SO,7
673,NITROGLYCERIN 50 MG/250 ML (200 MCG/ML) IN 5 % DEXTROSE INTRAVENOUS,7
674,"NEOMYCIN-BACITRACN ZN-POLYMYX 3.5 MG-400 UNIT-5,000 UNIT/GRAM TOP OINT",7
675,FILGRASTIM 480 MCG/1.6 ML INJECTION SOLUTION,7
676,METOPROLOL IVPB,7
677,CLONIDINE HCL 0.3 MG TABLET,7
678,GENTAMICIN 40 MG/ML INJECTION SOLUTION,7
679,SODIUM HYPOCHLORITE 0.25 % SOLUTION,7
680,CEFOXITIN 1000 MG INFUSION SO,7
681,INSULIN 1 UNIT/ML INFUSION,7
682,SIMETHICONE 125 MG CHEWABLE TABLET,7
683,CARBIDOPA 25 MG-LEVODOPA 100 MG TABLET,7
684,FEXOFENADINE 180 MG TABLET,7
685,POTASSIUM PHOSPHATE 15 MMOL IVPB,7
686,FLUCONAZOLE 150 MG TABLET,7
687,"IRON FUM,POLYSAC 130 MG-FOLIC AC 1,250 MCG-VIT B,C #18-L.CASEI CAPSULE",6
688,OXYTOCIN 10 UNIT/ML INJECTION SOLUTION,6
689,ALTEPLASE 1 MG/ML IV INFUSION FOR STROKE,6
690,OLANZAPINE 10 MG TABLET,6
691,NEBULIZER,6
692,COLLAGENASE CLOSTRIDIUM HISTOLYTICUM 250 UNIT/GRAM TOPICAL OINTMENT,6
693,DABIGATRAN ETEXILATE 150 MG CAPSULE,6
694,POTASSIUM CHLORIDE 40 MEQ/L IN 0.9 % SODIUM CHLORIDE INTRAVENOUS,6
695,CAFFEINE CITRATE 60 MG/3 ML (20 MG/ML) ORAL SOLUTION,6
696,"DOXYLAMINE-PYRIDOXINE 10 MG-10 MG TABLET,DELAYED RELEASE",6
697,"POTASSIUM CITRATE ER 10 MEQ (1,080 MG) TABLET,EXTENDED RELEASE",6
698,CYTARABINE HIGH DOSE IVPB,6
699,NICOTINE 7 MG/24 HR DAILY TRANSDERMAL PATCH,6
700,PREGABALIN 100 MG CAPSULE,6
701,AZTREONAM 1000 MG INFUSION SO,6
702,HYDROXYUREA 500 MG CAPSULE,6
703,VALACYCLOVIR 1 GRAM TABLET,6
704,RISPERIDONE 0.5 MG TABLET,6
705,NEBIVOLOL 10 MG TABLET,6
706,METHOCARBAMOL IVPB,6
707,AZELASTINE 137 MCG (0.1 %) NASAL SPRAY AEROSOL,6
708,GENTAMICIN 80 MG/100 ML IN SODIUM CHLORIDE(ISO) INTRAVENOUS PIGGYBACK,6
709,HYDROCHLOROTHIAZIDE 12.5 MG TABLET,6
710,AMITRIPTYLINE 25 MG TABLET,6
711,MULTIVITAMIN-IRON 9 MG-FOLIC ACID 400 MCG-CALCIUM AND MINERALS TABLET,6
712,VALACYCLOVIR 500 MG TABLET,6
713,MORPHINE IN NS 150MG/30ML PCA SO,6
714,COENZYME Q10 50 MG CAPSULE,6
715,DEXTRAN 70-HYPROMELLOSE 0.1 %-0.3 % EYE DROPS,6
716,"HEPARIN (PORCINE) (PF) 30,000 UNIT/1,000 ML IN 0.9 % SOD CHLORIDE IV",6
717,BENZONATATE 200 MG CAPSULE,6
718,MIDAZOLAM 2 MG/ML SYRUP,6
719,PEDIATRIC MULTIVIT NO.80-IRON 10 MG-750 UNIT-400 UNIT/ML ORAL DROPS,6
720,"VENLAFAXINE ER 75 MG CAPSULE,EXTENDED RELEASE 24 HR",6
721,SUMATRIPTAN 100 MG TABLET,6
722,DOCUSATE SODIUM 50 MG/5 ML ORAL LIQUID,6
723,PHYTONADIONE 10 MG IVPB,6
724,LIDOCAINE 4 % TOPICAL CREAM,6
725,CALCIUM GLUCONATE 1000 MG IVPB,6
726,ALTEPLASE 1 MG/ML IV BOLUS FOR STROKE,6
727,TIZANIDINE 6 MG CAPSULE,6
728,"CYANOCOBALAMIN (VIT B-12) 1,000 MCG TABLET",6
729,LISINOPRIL 2.5 MG TABLET,6
730,LOSARTAN 100 MG-HYDROCHLOROTHIAZIDE 12.5 MG TABLET,6
731,FENTANYL 12 MCG/HR TRANSDERMAL PATCH,6
732,LIDOCAINE 20 MG/ML (2 %) INJECTION SOLUTION,6
733,TOPIRAMATE 100 MG TABLET,6
734,ENOXAPARIN 120 MG/0.8 ML SUBCUTANEOUS SYRINGE,6
735,WARFARIN 10 MG TABLET,6
736,WHITE PETROLATUM-MINERAL OIL 83 %-15 % EYE OINTMENT,6
737,"METFORMIN ER 500 MG TABLET,EXTENDED RELEASE 24 HR",6
738,CALCITRIOL 0.25 MCG CAPSULE,6
739,OLANZAPINE 2.5 MG TABLET,6
740,"DINOPROSTONE ER 10 MG VAGINAL INSERT,CONTROLLED RELEASE",6
741,PRAMIPEXOLE 0.5 MG TABLET,6
742,BLOOD SUGAR DIAGNOSTIC STRIPS,6
743,"CHOLECALCIFEROL (VITAMIN D3) 5,000 UNIT CAPSULE",6
744,PRAMOXINE 1 % TOPICAL FOAM,6
745,AMITRIPTYLINE 10 MG TABLET,6
746,"CHOLECALCIFEROL (VITAMIN D3) 2,000 UNIT CAPSULE",6
747,PREGABALIN 150 MG CAPSULE,6
748,METOCLOPRAMIDE IVPB,6
749,AMOXICILLIN 400 MG-POTASSIUM CLAVULANATE 57 MG/5 ML ORAL SUSPENSION,6
750,ALTEPLASE CUSTOM COMPONENT INFUSION,6
751,"OXYCODONE ER 20 MG TABLET,CRUSH RESISTANT,EXTENDED RELEASE 12 HR",6
752,LIDOCAINE 2 % MUCOSAL JELLY,5
753,LISINOPRIL 10 MG-HYDROCHLOROTHIAZIDE 12.5 MG TABLET,5
754,"CHOLECALCIFEROL (VITAMIN D3) 1,000 UNIT CAPSULE",5
755,QUETIAPINE 50 MG TABLET,5
756,FEBUXOSTAT 40 MG TABLET,5
757,HYDROCHLOROTHIAZIDE 12.5 MG CAPSULE,5
758,"LEVETIRACETAM 1,000 MG TABLET",5
759,LIOTHYRONINE 5 MCG TABLET,5
760,CITALOPRAM 10 MG TABLET,5
761,UMECLIDINIUM 62.5 MCG-VILANTEROL 25 MCG/ACTUATION POWDR FOR INHALATION,5
762,"RABEPRAZOLE 20 MG TABLET,DELAYED RELEASE",5
763,PENTAZOCINE 50 MG-NALOXONE 0.5 MG TABLET,5
764,POTASSIUM CHLORIDE 20 MEQ/L IN 0.45 % SODIUM CHLORIDE INTRAVENOUS SOLN,5
765,FENTANYL 75 MCG/HR TRANSDERMAL PATCH,5
766,MIDAZOLAM 150 MG/30 ML SYRINGE,5
767,PAROXETINE 10 MG TABLET,5
768,DOXERCALCIFEROL 4 MCG/2 ML INTRAVENOUS SOLUTION,5
769,TRAVOPROST 0.004 % EYE DROPS,5
770,IRON 150 MG-C 60 MG-B12 25 MCG-FOLIC ACID 1 MG-CALCIUM-SU.ACID CAPSULE,5
771,ATORVASTATIN 80 MG TABLET,5
772,MIDAZOLAM 5 MG/ML INJECTION SOLUTION,5
773,WARFARIN 2.5 MG TABLET,5
774,FLUMAZENIL 0.1 MG/ML INTRAVENOUS SOLUTION,5
775,ASPIRIN-ACETAMINOPHEN-CAFFEINE 250 MG-250 MG-65 MG TABLET,5
776,"VERAPAMIL ER (SR) 120 MG TABLET,EXTENDED RELEASE",5
777,CARBAMAZEPINE 200 MG TABLET,5
778,PAROXETINE 20 MG TABLET,5
779,INSULIN INFUSION CORRECTION BOLUS,5
780,NALOXEGOL 12.5 MG TABLET,5
781,MAGNESIUM OXIDE 250 MG TABLET,5
782,SULFAMETHOXAZOLE 200 MG-TRIMETHOPRIM 40 MG/5 ML ORAL SUSPENSION,5
783,DOXYCYCLINE 100MG IVPB,5
784,BUPROPION HCL 100 MG TABLET,5
785,OCTREOTIDE IV INFUSION,5
786,VALSARTAN 320 MG-HYDROCHLOROTHIAZIDE 25 MG TABLET,5
787,VASOPRESSIN INFUSION,5
788,SITAGLIPTIN 100 MG TABLET,5
789,"CHOLECALCIFEROL (VITAMIN D3) 2,000 UNIT TABLET",5
790,RISPERIDONE 0.25 MG TABLET,5
791,FLUDROCORTISONE 0.1 MG TABLET,5
792,BACITRACIN-NEOMYCIN-POLYMYXIN IRRIGATION SYRINGE,5
793,CHLORTHALIDONE 25 MG TABLET,5
794,MORPHINE IN NS 5MG/ML INFUSION,5
795,"BARIUM SULFATE 2.1 % (W/V), 2.0 % (W/W) ORAL SUSPENSION",5
796,METAXALONE 400 MG TABLET,5
797,TRIAMCINOLONE ACETONIDE 40 MG/ML SUSPENSION FOR INJECTION,5
798,HYDROMORPHONE 1 MG/ML INJECTION SO,5
799,MIRTAZAPINE 15 MG DISINTEGRATING TABLET,5
800,DARBEPOETIN ALFA 60 MCG/ML IN POLYSORBATE INJECTION,5
801,LOSARTAN 50 MG-HYDROCHLOROTHIAZIDE 12.5 MG TABLET,5
802,URSODIOL 300 MG CAPSULE,5
803,INSULIN ASPART PROT-INSULIN ASPART 100 UNIT/ML (70-30) SUBCUTANEOUS PEN,5
804,NEBIVOLOL 5 MG TABLET,5
805,HYDROCORTISONE SOD SUCCINATE (PF) 250 MG/2 ML SOLUTION FOR INJECTION,5
806,PIOGLITAZONE 15 MG TABLET,5
807,"CALCIUM CARBONATE 400 MG CALCIUM (1,000 MG) CHEWABLE TABLET",5
808,CIPROFLOXACIN 250 MG TABLET,5
809,CEFTAZIDIME 1000 MG INFUSION SO,5
810,CLONIDINE 0.2 MG/24 HR WEEKLY TRANSDERMAL PATCH,5
811,VITAMINS A AND D-WHITE PETROLATUM-LANOLIN TOPICAL OINTMENT,5
812,PROGESTERONE MICRONIZED 100 MG CAPSULE,5
813,PHENYLEPHRINE (PF) 1 MG/10 ML (100 MCG/ML) IN 0.9 % NACL IV SYRINGE,5
814,TESTOSTERONE CYPIONATE 200 MG/ML INTRAMUSCULAR OIL,5
815,LACTULOSE 10 GRAM/15 ML ORAL SOLUTION,5
816,HYDROXYZINE HCL 50 MG TABLET,5
817,"POTASSIUM PHOSPHATE, MONOBASIC 500 MG SOLUBLE TABLET",5
818,INSULIN GLARGINE 100 UNIT/ML SUBCUTANEOUS SOLUTION,5
819,MIDODRINE 10 MG TABLET,5
820,PALONOSETRON IVPB,5
821,NAPROXEN SODIUM 220 MG TABLET,5
822,IPRATROPIUM BROMIDE 0.03 % NASAL SPRAY,5
823,PALONOSETRON 0.25 MG/5 ML INTRAVENOUS SOLUTION,5
824,LEVOCETIRIZINE 5 MG TABLET,5
825,LEVALBUTEROL 1.25 MG/3 ML SOLUTION FOR NEBULIZATION,5
826,DEXTROSE CUSTOM INFUSION WITH ADDITIVES,5
827,BUMETANIDE 1 MG TABLET,5
828,MULTIVITAMIN-MINERALS-LUTEIN TABLET,5
829,"CHOLECALCIFEROL (VITAMIN D3) 5,000 UNIT TABLET",5
830,PROPRANOLOL 20 MG TABLET,5
831,"GLIPIZIDE ER 5 MG TABLET, EXTENDED RELEASE 24 HR",5
832,GLYCOPYRROLATE 0.2 MG/ML INJECTION SOLUTION,5
833,DILTIAZEM 100 MG INFUSION SO,5
834,LOPERAMIDE 1 MG/5 ML ORAL LIQUID,4
835,SOLIFENACIN 5 MG TABLET,4
836,BUPIVACAINE 0.5 % (5 MG/ML) INJECTION SOLUTION,4
837,FAMOTIDINE 40 MG TABLET,4
838,CAFFEINE CITRATE 60 MG/3 ML (20 MG/ML) INTRAVENOUS SOLUTION,4
839,DAPTOMYCIN IVPB,4
840,MIDODRINE 5 MG TABLET,4
841,NAPROXEN 250 MG TABLET,4
842,"LANSOPRAZOLE 30 MG DELAYED RELEASE,DISINTEGRATING TABLET",4
843,LOPERAMIDE 2 MG TABLET,4
844,DEXAMETHASONE 2 MG TABLET,4
845,"EPINEPHRINE 0.3 MG/0.3 ML INJECTION, AUTO-INJECTOR",4
846,"PROPRANOLOL ER 80 MG CAPSULE,24 HR,EXTENDED RELEASE",4
847,MINERAL OIL-HYDROPHIL PETROLAT TOPICAL OINTMENT,4
848,NAFCILLIN 2000 MG INFUSION SO,4
849,MORPHINE 30 MG IMMEDIATE RELEASE TABLET,4
850,GEMFIBROZIL 600 MG TABLET,4
851,FLUCONAZOLE IN NS 100 MG/50 ML IVPB,4
852,LET GEL,4
853,CARBIDOPA 10 MG-LEVODOPA 100 MG TABLET,4
854,LAMOTRIGINE 200 MG TABLET,4
855,DEXAMETHASONE 10 MG IN 0.9% SODIUM CHLORIDE 100 ML,4
856,CIPROFLOXACIN 0.3 % EYE DROPS,4
857,DUTASTERIDE 0.5 MG CAPSULE,4
858,FLUCONAZOLE 200 MG/100 ML IN SOD. CHLORIDE (ISO) INTRAVENOUS PIGGYBACK,4
859,"RANOLAZINE ER 500 MG TABLET,EXTENDED RELEASE,12 HR",4
860,TOPIRAMATE 25 MG TABLET,4
861,NORETHINDRONE ACETATE 5 MG TABLET,4
862,LABETALOL 100 MG TABLET,4
863,VITAMIN A-VITAMIN C-VIT E-MIN TABLET,4
864,PHENYLEPHRINE 0.25 % NASAL SPRAY,4
865,PREDNISOLONE 15 MG/5 ML ORAL SOLUTION,4
866,"DIVALPROEX 250 MG TABLET,DELAYED RELEASE",4
867,TRAZODONE 150 MG TABLET,4
868,FOLIC ACID 400 MCG TABLET,4
869,TRIAMTERENE 37.5 MG-HYDROCHLOROTHIAZIDE 25 MG TABLET,4
870,DIPHENHYDRAMINE-ZINC ACETATE 2 %-0.1 % TOPICAL CREAM,4
871,ENOXAPARIN 150 MG/ML SUBCUTANEOUS SYRINGE,4
872,CYPROHEPTADINE 4 MG TABLET,4
873,"DILTIAZEM ER 60 MG CAPSULE,EXTENDED RELEASE 12 HR",4
874,FOLIC ACID 800 MCG TABLET,4
875,CEFUROXIME AXETIL 500 MG TABLET,4
876,TIZANIDINE 2 MG CAPSULE,4
877,ISOMETHEPTENE-DICHLORALPHEN-ACETAMINOPHEN 65 MG-100 MG-325 MG CAPSULE,4
878,DEXAMETHASONE 20 MG IN 0.9% SODIUM CHLORIDE 100 ML,4
879,TIMOLOL 0.5 % EYE DROPS,4
880,BUDESONIDE 180 MCG/ACTUATION BREATH ACTIVATED POWDER INHALER,4
881,GABAPENTIN 800 MG TABLET,4
882,TRIAMCINOLONE ACETONIDE 0.1 % TOPICAL OINTMENT,4
883,POLYVINYL ALCOHOL-POVIDONE (PF) 1.4 %-0.6 % EYE DROPS IN A DROPPERETTE,4
884,CETIRIZINE 5 MG TABLET,4
885,"VIT A 5,000 UNIT-VIT C 60 MG-VIT E 30 UNIT-ZINC-SELENATE-COPPER TABLET",4
886,CALCIUM CARBONATE 300 MG (750 MG) CHEWABLE TABLET,4
887,THYROID (PORK) 60 MG TABLET,4
888,BICALUTAMIDE 50 MG TABLET,4
889,CAPTOPRIL 25 MG TABLET,4
890,TOFACITINIB 5 MG TABLET,4
891,BUMETANIDE 0.25 MG/ML INJECTION SOLUTION,4
892,PRASUGREL 10 MG TABLET,4
893,CHOLESTYRAMINE-ASPARTAME 4 GRAM ORAL POWDER FOR SUSP IN A PACKET,4
894,AMOXICILLIN ORAL,4
895,BIMATOPROST 0.03 % EYE DROPS,4
896,THIAMINE - FOLIC ACID IVPB,4
897,KETAMINE 50 MG/ML INJECTION SOLUTION,4
898,AMIODARONE 400 MG TABLET,4
899,SERTRALINE 25 MG TABLET,4
900,ADENOSINE 3 MG/ML INTRAVENOUS SYRINGE,4
901,MEPERIDINE (PF) 50 MG/ML INJECTION SYRINGE,4
902,CEFTRIAXONE 250 MG SOLUTION FOR INJECTION,4
903,ZIPRASIDONE 20 MG CAPSULE,4
904,ONDANSETRON AND DEXAMETHASON IVPB,4
905,OLMESARTAN 20 MG TABLET,4
906,"DEXLANSOPRAZOLE 60 MG CAPSULE,BIPHASE DELAYED RELEASE",4
907,PRAVASTATIN 10 MG TABLET,4
908,TRIHEXYPHENIDYL 2 MG TABLET,4
909,PRENATAL ORAL,4
910,SEVELAMER CARBONATE 800 MG TABLET,4
911,ZOLPIDEM 10 MG TABLET,4
912,"ACETAMINOPHEN ER 650 MG TABLET,EXTENDED RELEASE",4
913,DICYCLOMINE 20 MG TABLET,4
914,DEXAMETHASONE 1 MG/ML ORAL SOLUTION COMPOUND,4
915,ESTRADIOL 1 MG TABLET,4
916,"DIVALPROEX 500 MG TABLET,DELAYED RELEASE",4
917,DEXTROSE 10% - 0.9 NORMAL SALINE IV,4
918,MEGESTROL 40 MG TABLET,4
919,DIAZEPAM 10 MG TABLET,4
920,HYDRALAZINE 100 MG TABLET,4
921,CYCLOBENZAPRINE 5 MG TABLET,4
922,RIFAXIMIN 200 MG TABLET,4
923,ADULT PERIPHERAL TPN - OKLC,4
924,VALPROATE IVPB ROUTINE,4
925,MEDIUM CHAIN TRIGLYCERIDES (MCT) 7.7 KCAL/ML ORAL OIL,4
926,MANNITOL 25 GRAM IN 125 ML IVPB,4
927,INSULIN NPH HUMAN RECOMB 100 UNIT/ML SUBCUTANEOUS SUSPENSION,4
928,LOVASTATIN 20 MG TABLET,4
929,KETOCONAZOLE 2 % TOPICAL CREAM,4
930,SILODOSIN 8 MG CAPSULE,4
931,CEPHALEXIN 250 MG/5 ML ORAL SUSPENSION,4
932,METAXALONE 800 MG TABLET,4
933,PREDNISOLONE 5 MG TABLET,4
934,CALCIUM POLYCARBOPHIL 625 MG TABLET,4
935,COENZYME Q10 10 MG CAPSULE,4
936,OSELTAMIVIR 75 MG CAPSULE,4
937,"FENOFIBRIC ACID (CHOLINE) 135 MG CAPSULE,DELAYED RELEASE",4
938,"POTASSIUM, SODIUM PHOSPHATES 280 MG-160 MG-250 MG ORAL POWDER PACKET",4
939,METHOTREXATE SODIUM 2.5 MG TABLET,3
940,"HEPARIN (PORCINE) 5,000 UNIT/ML INJECTION SOLUTION",3
941,LINACLOTIDE 145 MCG CAPSULE,3
942,CHLORDIAZEPOXIDE 5 MG CAPSULE,3
943,MYCOPHENOLATE MOFETIL 250 MG CAPSULE,3
944,LANCETS 33 GAUGE,3
945,DEXTROSE 10%-1/4 NORMAL SALINE IV,3
946,"BUDESONIDE DR - ER 3 MG CAPSULE,DELAYED,EXTENDED RELEASE",3
947,BUMETANIDE 10 MG INFUSION,3
948,INSULIN GLARGINE 300 UNIT/ML (1.5 ML) SUBCUTANEOUS PEN,3
949,ACYCLOVIR 5 % TOPICAL OINTMENT,3
950,NEBULIZER AND COMPRESSOR,3
951,FOLIC ACID-VIT B6-VIT B12 2.5 MG-25 MG-1 MG TABLET,3
952,CINNAMON BARK 500 MG CAPSULE,3
953,LIDOCAINE (PF) 100 MG/5 ML (2 %) INTRAVENOUS SYRINGE,3
954,"CIPROFLOXACIN 0.3 %-DEXAMETHASONE 0.1 % EAR DROPS,SUSPENSION",3
955,THYROID (PORK) 30 MG TABLET,3
956,NALOXONE 1 MG/ML INJECTION SYRINGE,3
957,PORACTANT ALFA 120 MG/1.5 ML INTRATRACHEAL SUSPENSION,3
958,POTASSIUM CHLORIDE 20 MEQ/L IN D5-0.9 % SODIUM CHLORIDE INTRAVENOUS,3
959,SPIRONOLACTONE 100 MG TABLET,3
960,PERMETHRIN 5 % TOPICAL CREAM,3
961,CLONIDINE 0.3 MG/24 HR WEEKLY TRANSDERMAL PATCH,3
962,"POTASSIUM CHLORIDE ER 10 MEQ TABLET,EXTENDED RELEASE(PART/CRYST)",3
963,INDOMETHACIN 25 MG CAPSULE,3
964,METHADONE 5 MG TABLET,3
965,CETIRIZINE 1 MG/ML ORAL SOLUTION,3
966,"OMEPRAZOLE MAGNESIUM 20 MG TABLET,DELAYED RELEASE",3
967,PYRIDOXINE (VITAMIN B6) 50 MG TABLET,3
968,IMMUNE GLOB G 10 GRAM/100 ML(10%)-GLY-IGA AVE 46 MCG/ML INJECTION SOLN,3
969,BUPRENORPHINE 10 MCG/HOUR WEEKLY TRANSDERMAL PATCH,3
970,"CALCIUM CARBONATE 600 MG CALCIUM (1,500 MG) TABLET",3
971,IBRUTINIB 140 MG CAPSULE,3
972,FAMOTIDINE 40 MG/5 ML (8 MG/ML) ORAL SUSPENSION,3
973,DORZOLAMIDE 22.3 MG-TIMOLOL 6.8 MG/ML EYE DROPS,3
974,PHENYLEPHRINE 10 MG IN SODIUM CHLORIDE 0.9% 100 ML (ANESTH INTRA-OP),3
975,DIPHENHYDRAMINE 25 MG CAPSULE,3
976,COENZYME Q10 100 MG CAPSULE,3
977,PRENATAL VITAMIN-IRON FUMARATE-FOLIC ACID 27 MG-0.8 MG TABLET,3
978,BARIUM SULFATE 98 % ORAL POWDER FOR SUSPENSION,3
979,VANCOMYCIN 500 MG INFUSION SO,3
980,LACOSAMIDE IVPB,3
981,PREDNISONE 10 MG TABLETS IN A DOSE PACK,3
982,FLUOXETINE 20 MG TABLET,3
983,"CALCIUM CARBONATE 600 MG (1,500 MG)-VITAMIN D3 200 UNIT TABLET",3
984,FUROSEMIDE IV INFUSION,3
985,FLUOXETINE 40 MG CAPSULE,3
986,PROMETHAZINE 25 MG/0.5ML TOPICAL GEL,3
987,CHLORPROMAZINE 25 MG TABLET,3
988,"DOPAMINE 400 MG/250 ML (1,600 MCG/ML) IN 5 % DEXTROSE INTRAVENOUS SOLN",3
989,"PROPRANOLOL ER 60 MG CAPSULE,24 HR,EXTENDED RELEASE",3
990,PROZAC ORAL,3
991,IRON SUCROSE 100 MG IRON/5 ML INTRAVENOUS SOLUTION,3
992,TRABECTEDIN INFUSION,3
993,LETROZOLE 2.5 MG TABLET,3
994,MULTIVITAMIN WITH IRON TABLET,3
995,NABUMETONE 500 MG TABLET,3
996,PHENYTOIN SODIUM EXTENDED 100 MG CAPSULE,3
997,GLYCERIN (ADULT) RECTAL SUPPOSITORY,3
998,SODIUM POLYSTYRENE SULFONATE 15 GRAM/60 ML ORAL SUSPENSION,3
999,OSELTAMIVIR 30 MG CAPSULE,3
1000,FERROUS SULFATE 220 MG (44 MG IRON)/5 ML ORAL SOLUTION,3
1001,BETHANECHOL CHLORIDE 5 MG TABLET,3
1002,DARBEPOETIN ALFA 40 MCG/ML IN POLYSORBATE INJECTION,3
1003,ONDANSETRON 16 MG IVPB,3
1004,PROMETHAZINE 25 MG RECTAL SUPPOSITORY,3
1005,ISOSORBIDE DINITRATE 20 MG TABLET,3
1006,TIZANIDINE 4 MG CAPSULE,3
1007,VENLAFAXINE 37.5 MG TABLET,3
1008,METOLAZONE 2.5 MG TABLET,3
1009,TERAZOSIN 5 MG CAPSULE,3
1010,GENTAMICIN 0.3 % (3 MG/GRAM) EYE OINTMENT,3
1011,HYDROCORTISONE 2.5 % TOPICAL CREAM,3
1012,"DILTIAZEM CD 300 MG CAPSULE,EXTENDED RELEASE 24 HR",3
1013,INSULIN REGULAR 100 UNITS/ML SO,3
1014,RAMELTEON 8 MG TABLET,3
1015,CIPROFLOXACIN 200 MG/100 ML IN 5 % DEXTROSE INTRAVENOUS PIGGYBACK,3
1016,LIDOCAINE-VIT E-ALOE VERA-COLL 2 % TOPICAL GEL,3
1017,LIRAGLUTIDE 0.6 MG/0.1 ML (18 MG/3 ML) SUBCUTANEOUS PEN INJECTOR,3
1018,"DULOXETINE 20 MG CAPSULE,DELAYED RELEASE",3
1019,RISPERIDONE 2 MG TABLET,3
1020,OMEGA 3 ORAL,3
1021,LITHIUM CARBONATE 300 MG CAPSULE,3
1022,FLUTICASONE 44 MCG/ACTUATION HFA AEROSOL INHALER,3
1023,FISH OIL ORAL,3
1024,"VITAMIN B COMPLEX ER TABLET,EXTENDED RELEASE",3
1025,COSYNTROPIN 0.25 MG SOLUTION FOR INJECTION,3
1026,DOXEPIN 25 MG CAPSULE,3
1027,GADOVERSETAMIDE 7.5 MMOL/15 ML(330.9 MG/ML) INTRAVENOUS SYRINGE,3
1028,CLINDAMYCIN 150 MG/ML INJECTION SOLUTION,3
1029,CHOLECALCIFEROL (VITAMIN D3) 400 UNIT TABLET,3
1030,NADOLOL 20 MG TABLET,3
1031,ESCITALOPRAM 20 MG TABLET,3
1032,RANITIDINE 300 MG TABLET,3
1033,POTASSIUM CHLORIDE 2 MEQ/ML ORAL SOLUTION,3
1034,RITUXIMAB IVPB,3
1035,LAMOTRIGINE 150 MG TABLET,3
1036,BUDESONIDE-FORMOTEROL HFA 80 MCG-4.5 MCG/ACTUATION AEROSOL INHALER,3
1037,IMIPRAMINE 25 MG TABLET,3
1038,"CARBIDOPA ER 50 MG-LEVODOPA 200 MG TABLET,EXTENDED RELEASE",3
1039,"DIVALPROEX ER 500 MG TABLET,EXTENDED RELEASE 24 HR",3
1040,ANASTROZOLE 1 MG TABLET,3
1041,CEFTAZIDIME 2000 MG INFUSION SO,3
1042,ROSUVASTATIN 20 MG TABLET,3
1043,TIOTROPIUM BROMIDE 2.5 MCG/ACTUATION MIST FOR INHALATION,3
1044,GENTAMICIN EXTENDED INTERVAL IVPB,3
1045,VALSARTAN 160 MG TABLET,3
1046,TRAMADOL 37.5 MG-ACETAMINOPHEN 325 MG TABLET,3
1047,ALPRAZOLAM 2 MG TABLET,3
1048,CEFEPIME PEDIATRIC SYRINGE,3
1049,"DICLOFENAC SODIUM 75 MG TABLET,DELAYED RELEASE",3
1050,TORSEMIDE 10 MG TABLET,3
1051,SODIUM PHOSPHATE 20 MMOL IVPB,3
1052,LISINOPRIL 20 MG-HYDROCHLOROTHIAZIDE 12.5 MG TABLET,3
1053,MICAFUNGIN 100 MG IVPB,3
1054,"BUPIVACAINE-EPINEPHRINE 0.5 %-1:200,000 INJECTION SOLUTION",3
1055,CONJUGATED ESTROGENS 0.625 MG TABLET,3
1056,PHYTONADIONE (VITAMIN K1) 5 MG TABLET,3
1057,MAGNESIUM OXIDE 500 MG CAPSULE,3
1058,TOBRAMYCIN 0.3 % EYE DROPS,3
1059,PIPERACILLIN-TAZOBACTAM PEDIATRIC INFUSION,3
1060,PENICILLIN V POTASSIUM 500 MG TABLET,3
1061,CLORAZEPATE DIPOTASSIUM 3.75 MG TABLET,3
1062,ACTIVATED CHARCOAL-SORBITOL 25 GRAM/120 ML ORAL SUSPENSION,3
1063,HCORT-BENZOCAINE-PHENOL-AL ACET-BACITRACIN-WITCH HAZEL TOP OINTMENT,3
1064,"ISOSORBIDE MONONITRATE ER 60 MG TABLET,EXTENDED RELEASE 24 HR",3
1065,BRIMONIDINE-TIMOLOL 0.2 %-0.5 % EYE DROPS,3
1066,METOCLOPRAMIDE 5 MG/5 ML ORAL SOLUTION,3
1067,HYDROXYZINE HCL 50 MG/ML INTRAMUSCULAR SOLUTION,3
1068,PHYTONADIONE (VITAMIN K1) 10 MG/ML INJECTION SOLUTION,3
1069,MOMETASONE 50 MCG/ACTUATION NASAL SPRAY,3
1070,METHYLPREDNISOLONE 32 MG TABLET,3
1071,HYDROCORTISONE 10 MG TABLET,3
1072,LABETALOL 5 MG/ML INTRAVENOUS SOLUTION,3
1073,COLESEVELAM 625 MG TABLET,3
1074,"LANSOPRAZOLE 30 MG CAPSULE,DELAYED RELEASE",3
1075,"OMEGA-3 FATTY ACIDS-FISH OIL 360 MG-1,200 MG CAPSULE",3
1076,"LIPASE-PROTEASE-AMYLASE 24,000-76,000-120,000 UNIT CAPSULE,DELAYED REL",3
1077,FLUTICASONE 100 MCG-SALMETEROL 50 MCG/DOSE BLISTR POWDR FOR INHALATION,3
1078,METOCLOPRAMIDE 5 MG TABLET,2
1079,HYDROCORTISONE IVPB,2
1080,"OMEPRAZOLE 10 MG CAPSULE,DELAYED RELEASE",2
1081,CYANOCOBALAMIN (VIT B-12) 100 MCG TABLET,2
1082,PRAVASTATIN 80 MG TABLET,2
1083,ZALEPLON 5 MG CAPSULE,2
1084,"VITAMIN E (DL, ACETATE) 400 UNIT CAPSULE",2
1085,TROSPIUM 20 MG TABLET,2
1086,"OXYCODONE ER 40 MG TABLET,CRUSH RESISTANT,EXTENDED RELEASE 12 HR",2
1087,MODAFINIL 100 MG TABLET,2
1088,OMEGA-3 ACID ETHYL ESTERS 1 GRAM CAPSULE,2
1089,METHYLNALTREXONE 8 MG/0.4 ML SUBCUTANEOUS SYRINGE,2
1090,LEVOTHYROXINE 137 MCG TABLET,2
1091,LEUCOVORIN IVPB,2
1092,RANITIDINE 150 MG CAPSULE,2
1093,GLIMEPIRIDE 2 MG TABLET,2
1094,AMITRIPTYLINE 75 MG TABLET,2
1095,HALOPERIDOL 5 MG TABLET,2
1096,"POTASSIUM CHLORIDE ER 10 MEQ CAPSULE,EXTENDED RELEASE",2
1097,AZITHROMYCIN 500MG IVPB,2
1098,PSYLLIUM ORAL PACKET,2
1099,IOVERSOL 240 MG/ML INJECTION,2
1100,OCTREOTIDE ACETATE 100 MCG/ML INJECTION SOLUTION,2
1101,THYROID (PORK) 97.5 MG TABLET,2
1102,POTASSIUM PHOSPHATE 20 MMOL IVPB,2
1103,"PREDNISOLONE ACETATE 1 % EYE DROPS,SUSPENSION",2
1104,LOSARTAN ORAL,2
1105,AMLODIPINE 10 MG-BENAZEPRIL 20 MG CAPSULE,2
1106,PHENOL-PHENOLATE SODIUM MUCOSAL AEROSOL SPRAY,2
1107,AMLODIPINE 10 MG-BENAZEPRIL 40 MG CAPSULE,2
1108,TRIAMCINOLONE ACETONIDE 55 MCG NASAL SPRAY AEROSOL,2
1109,SILDENAFIL 2.5 MG/ML ORAL SUSPENSION COMPOUND,2
1110,METHYLPREDNISOLONE ACETATE 40 MG/ML SUSPENSION FOR INJECTION,2
1111,VENLAFAXINE 25 MG TABLET,2
1112,FOSFOMYCIN TROMETHAMINE 3 GRAM ORAL PACKET,2
1113,CLONAZEPAM ORAL,2
1114,"LACTOBACILLS GASSERI-BIFIDOBAC BIFIDUM,LONGUM 1.5 BILLION CELL CAPSULE",2
1115,VALPROIC ACID 250 MG CAPSULE,2
1116,VANCOMYCIN IVPB (PHARMACIST SELECT PRODUCT),2
1117,ACETYLCYSTEINE 100 MG/KG IN D5W 1000 ML IVPB,2
1118,AMLODIPINE 10 MG-VALSARTAN 160 MG TABLET,2
1119,CALCIUM-VITAMIN D3-VITAMIN K 500 MG-100 UNIT-40 MCG CHEWABLE TABLET,2
1120,ARTIFICIAL SALIVA (YERBA SANTA AND LYTES) SPRAY,2
1121,"HEPARIN, PORCINE (PF) 1,000 UNIT/ML INJECTION SOLUTION",2
1122,ANTIBIOTIC IRRIGATION,2
1123,BUPROPION HCL 75 MG TABLET,2
1124,DEXTROAMPHETAMINE-AMPHETAMINE 15 MG TABLET,2
1125,ALBUTEROL SULFATE 1.25 MG/3 ML SOLUTION FOR NEBULIZATION,2
1126,DOPAMINE NEONATAL INFUSION,2
1127,CALAMINE 8 %-ZINC OXIDE 8 % LOTION,2
1128,CLOPIDOGREL 300 MG TABLET,2
1129,TIMOLOL MALEATE 0.5 % EYE DROPS,2
1130,RASBURICASE IVPB,2
1131,DOFETILIDE 125 MCG CAPSULE,2
1132,PHENTERMINE 15 MG CAPSULE,2
1133,ADALIMUMAB 40 MG/0.8 ML SUBCUTANEOUS SYRINGE KIT,2
1134,PSYLLIUM HUSK 6 GRAM ORAL POWDER PACKET,2
1135,WHEAT DEXTRIN 3 GRAM/3.5 GRAM ORAL POWDER,2
1136,PHENOBARBITAL SODIUM 10 MG/ML IN PF SODIUM CHLORIDE,2
1137,CODEINE 10 MG-GUAIFENESIN 100 MG/5 ML ORAL LIQUID,2
1138,"LIPASE-PROTEASE-AMYLASE 12,000-38,000-60,000 UNIT CAPSULE,DELAYED REL",2
1139,DEXTROAMPHETAMINE-AMPHETAMINE 10 MG TABLET,2
1140,CAMPHOR-MENTHOL 0.5 %-0.5 % LOTION,2
1141,PATIROMER CALCIUM SORBITEX 16.8 GRAM ORAL POWDER PACKET,2
1142,PHENYTOIN SODIUM 50 MG/ML INTRAVENOUS SOLUTION,2
1143,CHOLESTYRAMINE 10 % TOPICAL OINTMENT COMPOUND,2
1144,GENTAMICIN IVPB,2
1145,MEPERIDINE 50 MG TABLET,2
1146,BIOTIN 5 MG TABLET,2
1147,PINDOLOL 5 MG TABLET,2
1148,AMOXICILLIN 250 MG/5 ML ORAL SUSPENSION,2
1149,ESTRADIOL 0.01% (0.1 MG/GRAM) VAGINAL CREAM,2
1150,FAMOTIDINE 10 MG TABLET,2
1151,SACUBITRIL 97 MG-VALSARTAN 103 MG TABLET,2
1152,VANCOMYCIN 125 MG CAPSULE,2
1153,THIORIDAZINE 50 MG TABLET,2
1154,AZITHROMYCIN 200 MG/5 ML ORAL SUSPENSION,2
1155,"ERYTHROMYCIN 250 MG TABLET,DELAYED RELEASE",2
1156,INSULIN LISPRO PROTAMINE-LISPRO 100 UNIT/ML (50-50) SUBCUTANEOUS PEN,2
1157,AZATHIOPRINE 50 MG TABLET,2
1158,TAMOXIFEN 10 MG TABLET,2
1159,VENLAFAXINE 50 MG TABLET,2
1160,EMPAGLIFLOZIN 10 MG TABLET,2
1161,SOD BICARB-CITRIC AC-SIMETH 2.21 GRAM-1.53 GRAM/4 GRAM GRANULES EFFERV,2
1162,"LIPASE-PROTEASE-AMYLASE 5,000-17,000-27,000 UNIT CAPSULE,DELAYED REL",2
1163,TEMAZEPAM 30 MG CAPSULE,2
1164,SODIUM PHOSPHATE 15 MMOL IVPB,2
1165,ARIPIPRAZOLE 5 MG TABLET,2
1166,MEGESTROL 400 MG/10 ML (40 MG/ML) ORAL SUSPENSION,2
1167,FLAXSEED OIL,2
1168,LORAZEPAM 1 MG/ML TOPICAL GEL COMPOUND,2
1169,ESTRADIOL 0.1 MG/24 HR SEMIWEEKLY TRANSDERMAL PATCH,2
1170,ALTEPLASE 25 MG IN 0.9% SODIUM CHLORIDE 500 ML INFUSION,2
1171,"ZOLPIDEM ER 12.5 MG TABLET,EXTENDED RELEASE,MULTIPHASE",2
1172,"OMEGA 3-DHA-EPA-FISH OIL 900 MG-1,400 MG CAPSULE,DELAYED RELEASE",2
1173,"DIVALPROEX 125 MG TABLET,DELAYED RELEASE",2
1174,SULFASALAZINE 500 MG TABLET,2
1175,PHYTONADIONE (VITAMIN K1) 1 MG/0.5 ML INJECTION SOLUTION,2
1176,MINERAL OIL ORAL,2
1177,"DICLOFENAC 75 MG-MISOPROSTOL 200 MCG TABLET,IMMEDIATE,DELAYED RELEASE",2
1178,VITAMIN B-12 SUBLINGUAL,2
1179,"THROMBIN (BOVINE) 5,000 UNIT TOPICAL SOLUTION",2
1180,ESMOLOL 100 MG/10 ML (10 MG/ML) INTRAVENOUS SOLUTION,2
1181,RITUXIMAB IN NS 250 ML IVPB,2
1182,NEOMYCIN-POLYMYXIN B GU IRRIGATION (INTRA-OP),2
1183,VITAMIN B COMPLEX TABLET,2
1184,HYOSCYAMINE 0.125 MG DISINTEGRATING TABLET,2
1185,ISOSORBIDE DINITRATE 10 MG TABLET,2
1186,CARBAMIDE PEROXIDE 6.5 % EAR DROPS,2
1187,RIZATRIPTAN 10 MG DISINTEGRATING TABLET,2
1188,TERAZOSIN 2 MG CAPSULE,2
1189,MIRTAZAPINE 7.5 MG TABLET,2
1190,DEXTROMETHORPHAN POLISTIREX ER 30 MG/5 ML ORAL SUSP EXT.RELEASE 12HR,2
1191,"COMPRESSOR, FOR NEBULIZER",2
1192,INSULIN DEGLUDEC 200 UNIT/ML (3 ML) SUBCUTANEOUS PEN,2
1193,PRAMIPEXOLE 0.125 MG TABLET,2
1194,BUPRENORPHINE 5 MCG/HOUR WEEKLY TRANSDERMAL PATCH,2
1195,LORAZEPAM 2 MG TABLET,2
1196,ACETAMINOPHEN 300 MG-CODEINE 60 MG TABLET,2
1197,LEVOTHYROXINE 175 MCG TABLET,2
1198,CICLOPIROX 0.77 % TOPICAL CREAM,2
1199,RAMIPRIL 5 MG CAPSULE,2
1200,"LOTEPREDNOL ETABONATE 0.5 % EYE DROPS,SUSPENSION",2
1201,BEPOTASTINE BESILATE 1.5 % EYE DROPS,2
1202,SORBITOL-MANNITOL 2.7 G-0.54 G/100 ML URETHRAL SOLUTION,2
1203,ESTRADIOL 0.075 MG/24 HR WEEKLY TRANSDERMAL PATCH,2
1204,CHOLESTYRAMINE (WITH SUGAR) 4 GRAM POWDER FOR SUSP IN A PACKET,2
1205,"PEN NEEDLE, DIABETIC",2
1206,"NYSTATIN 100,000 UNIT/GRAM TOPICAL OINTMENT",2
1207,CLOTRIMAZOLE-BETAMETHASONE 1 %-0.05 % TOPICAL CREAM,2
1208,RISPERIDONE 4 MG TABLET,2
1209,"POLYMYXIN B SULFATE 10,000 UNIT-TRIMETHOPRIM 1 MG/ML EYE DROPS",2
1210,"NIFEDIPINE ER 30 MG TABLET,EXTENDED RELEASE",2
1211,CYANOCOBALAMIN (VIT B-12) 500 MCG TABLET,2
1212,"FEXOFENADINE 60 MG-PSEUDOEPHEDRINE ER 120 MG TABLET,EXT.RELEASE,12 HR",2
1213,WELLBUTRIN ORAL,2
1214,DEFERASIROX 500 MG DISPERSIBLE TABLET,2
1215,ACETAMINOPHEN 120 MG-CODEINE 12 MG/5 ML ORAL SUSPENSION,2
1216,INSULIN ASPART 100 UNIT/ML SUBCUTANEOUS CARTRIDGE,2
1217,"FELODIPINE ER 5 MG TABLET,EXTENDED RELEASE 24 HR",2
1218,POTASSIUM 99 MG TABLET,2
1219,BELLADONNA ALKALOIDS-OPIUM 16.2 MG-30 MG RECTAL SUPPOSITORY,2
1220,LANCETS,2
1221,NORETHINDRONE (CONTRACEPTIVE) 0.35 MG TABLET,2
1222,"SIMETHICONE 40 MG/0.6 ML ORAL DROPS,SUSPENSION",2
1223,PREGABALIN 25 MG CAPSULE,2
1224,"DILTIAZEM ER (XR/XT) 180 MG CAPSULE,EXTENDED RELEASE,CONTROLLED",2
1225,IRBESARTAN 150 MG TABLET,2
1226,METHYLPHENIDATE 5 MG TABLET,2
1227,ESCITALOPRAM 5 MG TABLET,2
1228,"GUAIFENESIN ER 1,200 MG TABLET, EXTENDED RELEASE 12 HR",2
1229,AMOXICILLIN 250 MG-POTASSIUM CLAVULANATE 62.5 MG/5 ML ORAL SUSPENSION,2
1230,PROTAMINE 50 MG INFUSION SO,2
1231,BECLOMETHASONE DIPROPIONATE 40 MCG/ACTUATION AEROSOL INHALER,2
1232,RALOXIFENE 60 MG TABLET,2
1233,CARBOPLATIN IVPB,2
1234,TOBRAMYCIN 1.2 GRAM SOLUTION FOR INJECTION,2
1235,DOCOSANOL 10 % TOPICAL CREAM,2
1236,"FESOTERODINE ER 4 MG TABLET,EXTENDED RELEASE 24 HR",2
1237,"MAGNESIUM CHLORIDE ER 64 MG TABLET,EXTENDED RELEASE",2
1238,PROPRANOLOL 80 MG TABLET,2
1239,WARFARIN 1 MG TABLET,2
1240,VITAMIN B-12 ORAL,2
1241,LACTOBACILLUS RHAMNOSUS GG 10 BILLION CELL CAPSULE,2
1242,"TOBRAMYCIN 0.3 %-DEXAMETHASONE 0.1 % EYE DROPS,SUSPENSION",2
1243,IRON 151 MG-VIT C 60 MG-B12 10 MCG-FOLIC ACID 1 MG-CALCIUM-SUCC TABLET,2
1244,PSEUDOEPHEDRINE 60 MG TABLET,2
1245,IRON ASP-C-B12-CALCIUM-SA-STOMACH 70 MG-150 MG-10 MCG-2 MG-75MG TABLET,2
1246,METOPROLOL 12.5 MG TABLET,2
1247,FERROUS GLUCONATE 240 MG (27 MG IRON) TABLET,2
1248,CEFEPIME 2000MG IVPB,2
1249,"LACTASE 3,000 UNIT TABLET",2
1250,SAXAGLIPTIN 5 MG TABLET,2
1251,LEVETIRACETAM 250 MG TABLET,2
1252,SODIUM CHLORIDE 3 % INTRAVENOUS INJECTION SOLUTION,2
1253,DEXAMETHASONE 1 MG TABLET,2
1254,NIACIN 500 MG TABLET,2
1255,AMOXICILLIN 500 MG TABLET,2
1256,"PROPRANOLOL ER 160 MG CAPSULE,24 HR,EXTENDED RELEASE",2
1257,"DILTIAZEM CD 240 MG CAPSULE,EXTENDED RELEASE 24 HR",2
1258,LORATADINE 5 MG DISINTEGRATING TABLET,2
1259,OFLOXACIN 0.3 % EAR DROPS,2
1260,FLUTICASONE 110 MCG/ACTUATION HFA AEROSOL INHALER,2
1261,BROMOCRIPTINE 2.5 MG TABLET,2
1262,CLINDAMYCIN 300 MG/50 ML IN 5 % DEXTROSE INTRAVENOUS PIGGYBACK,2
1263,POTASSIUM CHLORIDE 40 MEQ/L IN D5-0.9 % SODIUM CHLORIDE INTRAVENOUS,2
1264,PHENOBARBITAL 32.4 MG TABLET,2
1265,RIVAROXABAN 15 MG (42)-20 MG (9) TABLETS IN A DOSE PACK,2
1266,IBUPROFEN IB ORAL,2
1267,TRIHEXYPHENIDYL 5 MG TABLET,2
1268,POTASSIUM CHLORIDE 20 MEQ/100 ML INTRAVENOUS PIGGYBACK,2
1269,CEFTAROLINE 600 MG IVPB,2
1270,METFORMIN 850 MG TABLET,2
1271,D5W WITH POTASSIUM CL 40 MEQ/L,2
1272,FIDAXOMICIN 200 MG TABLET,2
1273,SUBCUTANEOUS INSULIN PUMP,2
1274,RIBOFLAVIN (VITAMIN B2) 100 MG TABLET,2
1275,LITHIUM CARBONATE 300 MG TABLET,2
1276,CETIRIZINE 5 MG CHEWABLE TABLET,2
1277,FINASTERIDE 1 MG TABLET,2
1278,ERYTHROMYCIN 500 MG IVPB,2
1279,ZOLEDRONIC IVPB,2
1280,ALPHA LIPOIC ACID 600 MG CAPSULE,2
1281,VITAMIN D ORAL,2
1282,MEXILETINE 150 MG CAPSULE,2
1283,FILGRASTIM 300 MCG/ML INJECTION SOLUTION,2
1284,FLUOXETINE 10 MG CAPSULE,2
1285,PROBIOTIC ORAL,2
1286,GLYCOPYRROLATE(PF) 0.4 MG/2 ML (0.2 MG/ML) IN STERILE WATER IV SYRINGE,2
1287,EMTRICITABINE 200 MG-TENOFOVIR DISOPROXIL FUMARATE 300 MG TABLET,2
1288,"SITAGLIPTIN 50 MG-METFORMIN 1,000 MG TABLET",2
1289,POTASSIUM CHLORIDE 40 MEQ/15 ML ORAL LIQUID,2
1290,NICOTINE (POLACRILEX) 2 MG GUM,2
1291,"OMEGA 3-DHA-EPA-FISH OIL 1,000 MG (120 MG-180 MG) CAPSULE",2
1292,MELATONIN 1 MG TABLET,2
1293,SYMBICORT INHALATION,2
1294,BETHANECHOL CHLORIDE 25 MG TABLET,2
1295,SOLIFENACIN 10 MG TABLET,2
1296,DEXAMETHASONE 0.1 % EYE DROPS,2
1297,AMOXICILLIN 250 MG CAPSULE,2
1298,INSULIN ASPART 100 UNIT/ML SUBCUTANEOUS PEN,2
1299,POTASSIUM CHLORIDE 30 MEQ/100 ML INTRAVENOUS PIGGYBACK,2
1300,LACOSAMIDE 150 MG TABLET,2
1301,POTASSIUM CHLORIDE 20 MEQ/L-LACTATED RINGERS-5 % DEXTROSE INTRAVENOUS,2
1302,CINACALCET 30 MG TABLET,2
1303,BACLOFEN 20 MG TABLET,2
1304,TAPENTADOL 50 MG TABLET,2
1305,HYDROMORPHONE 8 MG TABLET,2
1306,FAMCICLOVIR 500 MG TABLET,2
1307,TOPIRAMATE 50 MG TABLET,2
1308,GENTAMICIN CONSULT TO PHARMACY,2
1309,DEXTROSE 40 % ORAL GEL,2
1310,DRONABINOL 5 MG CAPSULE,2
1311,RIVASTIGMINE 4.6 MG/24 HOUR TRANSDERMAL PATCH,2
1312,METRONIDAZOLE 1000 MG IVPB,2
1313,LIDOCAINE 5 MG/ML (0.5 %) INJECTION SOLUTION,2
1314,METHYLPREDNISOLONE 1000 MG IVPB,2
1315,POTASSIUM CHLORIDE 40 MEQ IN NACL 0.9% 250 ML IVPB INFUSION,2
1316,LIPITOR ORAL,2
1317,AMLODIPINE ORAL,2
1318,CALCIUM 500 ORAL,2
1319,PITAVASTATIN 4 MG TABLET,2
1320,CLORAZEPATE DIPOTASSIUM 7.5 MG TABLET,2
1321,TROLAMINE SALICYLATE 10 % TOPICAL CREAM,2
1322,HYDROCHLOROTHIAZIDE 50 MG TABLET,2
1323,TRAZODONE ORAL,2
1324,AZITHROMYCIN 100 MG/5 ML ORAL SUSPENSION,2
1325,INSULIN LISPRO 100 UNITS/ML PUMP BASAL INFUSION,2
1326,AMLODIPINE 5 MG-BENAZEPRIL 40 MG CAPSULE,2
1327,TOBRAMYCIN 300 MG/5 ML IN 0.225 % SODIUM CHLORIDE FOR NEBULIZATION,2
1328,"HEPARIN (PORCINE) 25,000 UNIT/250 ML (100 UNIT/ML) IN DEXTROSE 5 % IV",2
1329,"FESOTERODINE ER 8 MG TABLET,EXTENDED RELEASE 24 HR",2
1330,"PRENATAL VITAMIN,CALCIUM,MINERALS-IRON-FOLIC ACID TABLET",2
1331,CALCIUM CITRATE-VITAMIN D3 315 MG-250 UNIT TABLET,2
1332,BREAST PUMP,2
1333,"FENTANYL (PF) 1,500 MCG/30 ML (50 MCG/ML) IV INFUSION",2
1334,LEFLUNOMIDE 20 MG TABLET,2
1335,VANCOMYCIN 1000 MG - STERILIZED VIAL,2
1336,"DOBUTAMINE 500 MG/250 ML (2,000 MCG/ML) IN 5 % DEXTROSE IV",2
1337,LOVASTATIN 10 MG TABLET,2
1338,FLECAINIDE 100 MG TABLET,2
1339,GLUCAGON (HUMAN RECOMBINANT) 1 MG INJECTION KIT,2
1340,TRIAMTERENE 37.5 MG-HYDROCHLOROTHIAZIDE 25 MG CAPSULE,2
1341,CALCIUM CARBONATE 550 MG-MAGNESIUM HYDROXIDE 110 MG CHEWABLE TABLET,2
1342,MAGNESIUM 250 MG TABLET,2
1343,"NIFEDIPINE ER 90 MG TABLET,EXTENDED RELEASE 24 HR",2
1344,NORTRIPTYLINE 25 MG CAPSULE,2
1345,METRONIDAZOLE 50 MG/ML ORAL SUSPENSION COMPOUND,2
1346,VALSARTAN 160 MG-HYDROCHLOROTHIAZIDE 12.5 MG TABLET,2
1347,TOBRAMYCIN (PEDIATRIC) 10MG/ML INJECTION SO,2
1348,COLESTIPOL 1 GRAM TABLET,2
1349,AZTREONAM 500MG IVPB,1
1350,CISATRACURIUM 2 MG/ML INTRAVENOUS SOLUTION,1
1351,"DILTIAZEM ER 120 MG CAPSULE,EXTENDED RELEASE 12 HR",1
1352,BENZTROPINE 1 MG TABLET,1
1353,THYROID (PORK) 48.75 MG TABLET,1
1354,ZANTAC 75 ORAL,1
1355,VITAMIN B-50 COMPLEX ORAL,1
1356,"DILTIAZEM ER 240 MG CAPSULE,EXTENDED RELEASE",1
1357,EXCEDRIN ASPIRIN FREE ORAL,1
1358,ESTERIFIED ESTROGENS-METHYLTESTOSTERONE 1.25 MG-2.5 MG TABLET,1
1359,SACUBITRIL 24 MG-VALSARTAN 26 MG TABLET,1
1360,ZANAFLEX ORAL,1
1361,VASOPRESSIN IN SODIUM CHLORIDE 0.9% INJECTION (INTRA-OP),1
1362,LOESTRIN 1.5/30 (21) ORAL,1
1363,AZTREONAM 1 GRAM SOLUTION FOR INJECTION,1
1364,MINOCYCLINE 50 MG CAPSULE,1
1365,ORAL WOUND CARE PRODUCTS MUCOSAL GEL PACKET,1
1366,VALSARTAN 80 MG-HYDROCHLOROTHIAZIDE 12.5 MG TABLET,1
1367,THYROID (PORK) 65 MG TABLET,1
1368,MULTIVITAMIN-CA-IRON-MINERALS 18 MG-0.4 MG TABLET,1
1369,WARFARIN 4 MG TABLET,1
1370,OPHTHALMIC IRRIGATION SOLUTION DROPS,1
1371,PACLITAXEL IVPB,1
1372,GLYBURIDE 2.5 MG TABLET,1
1373,BUTALBITAL-ASPIRIN-CAFFEINE 50 MG-325 MG-40 MG CAPSULE,1
1374,CALCIUM + D ORAL,1
1375,MELATONIN 10 MG TABLET,1
1376,MAGNESIUM GLYCINATE ORAL,1
1377,IPRATROPIUM-ALBUTEROL 18 MCG-103 MCG/ACTUATION AEROSOL INHALER,1
1378,LUTEIN 20 MG TABLET,1
1379,DOFETILIDE 500 MCG CAPSULE,1
1380,LOVASTATIN 40 MG TABLET,1
1381,INSULIN REGULAR HUM U-500 CONC SUBCUT,1
1382,ETODOLAC 500 MG TABLET,1
1383,RAMIPRIL 10 MG CAPSULE,1
1384,ERTAPENEM 1 GRAM SOLUTION FOR INJECTION,1
1385,PRAZOSIN 2 MG CAPSULE,1
1386,PHENYLEPHRINE 1 % NASAL SPRAY,1
1387,"INSULIN REGULAR HUMAN U-500CONCENTRATE"" 500 UNIT/ML SUBCUTANEOUS SOLN""",1
1388,PHENYLEPHRINE 0.25 %-COCOA BUTTER 88.44 % RECTAL SUPPOSITORY,1
1389,"CYANOCOBALAMIN (VIT B-12) 2,500 MCG SUBLINGUAL TABLET",1
1390,DEXTROMETHORPHAN 20 MG-QUINIDINE 10 MG CAPSULE,1
1391,"DOPAMINE 800 MG/250 ML (3,200 MCG/ML) IN 5 % DEXTROSE INTRAVENOUS SOLN",1
1392,HYDROXYUREA ORAL,1
1393,LACOSAMIDE 200 MG TABLET,1
1394,DOXEPIN 10 MG CAPSULE,1
1395,NAFCILLIN PEDIATRIC INFUSION,1
1396,CEFDINIR 250 MG/5 ML ORAL SUSPENSION,1
1397,GENTAMICIN 100 MG/100 ML IN SODIUM CHLORIDE(ISO) INTRAVENOUS PIGGYBACK,1
1398,"ASCORBIC ACID (VITAMIN C) ER 1,500 MG TABLET,EXTENDED RELEASE",1
1399,ENALAPRIL MALEATE 2.5 MG TABLET,1
1400,"CARVEDILOL PHOSPHATE ER 10 MG CAPSULE,EXT.RELEASE24HR MULTIPHASE",1
1401,ROPINIROLE 3 MG TABLET,1
1402,"LANSOPRAZOLE 15 MG DELAYED RELEASE,DISINTEGRATING TABLET",1
1403,DOXYCYCLINE HYCLATE 50 MG TABLET,1
1404,DIMETHICONE-ZINC OXIDE TOPICAL CREAM,1
1405,PROPRANOLOL 40 MG TABLET,1
1406,PRODRIN ORAL,1
1407,"MESALAMINE ER 0.375 GRAM CAPSULE,EXTENDED RELEASE 24 HR",1
1408,FENOFIBRATE NANOCRYSTALLIZED 160 MG TABLET,1
1409,CALCIUM CITRATE-VITAMIN D3 200 MG CALCIUM-250 UNIT TABLET,1
1410,PHENYLEPHRINE 0.25 % RECTAL SUPPOSITORY,1
1411,CRANBERRY EXTRACT 300 MG TABLET,1
1412,LURASIDONE 60 MG TABLET,1
1413,FENOFIBRATE MICRONIZED 43 MG CAPSULE,1
1414,CEFUROXIME AXETIL 250 MG TABLET,1
1415,GLIPIZIDE ORAL,1
1416,"LIDOCAINE 20 MG/ML (2 %)-EPINEPHRINE 1:100,000 INJECTION SOLUTION",1
1417,FLURAZEPAM 15 MG CAPSULE,1
1418,"PALIPERIDONE ER 6 MG TABLET,EXTENDED RELEASE 24 HR",1
1419,SODIUM BICARBONATE 4 % INTRAVENOUS SOLUTION,1
1420,DOCUSATE SODIUM 100 MG TABLET,1
1421,ARMODAFINIL 250 MG TABLET,1
1422,MORPHINE 10 MG/5 ML ORAL SOLUTION,1
1423,CEFTRIAXONE 500 MG SOLUTION FOR INJECTION,1
1424,EPLERENONE 25 MG TABLET,1
1425,"MULTIVIT,TX WITH IRON 27 MG-CALCIUM-FOLIC ACID 0.4 MG-MINERALS TABLET",1
1426,AMLODIPINE 1 MG/ML ORAL SUSPENSION COMPOUND,1
1427,VISTARIL ORAL,1
1428,IOPAMIDOL 61 % INTRATHECAL SOLUTION,1
1429,PAROXETINE MESYLATE 7.5 MG CAPSULE,1
1430,PROTAMINE 10 MG/ML INTRAVENOUS SOLUTION,1
1431,BUDESONIDE 0.25 MG/2 ML SUSPENSION FOR NEBULIZATION,1
1432,VALSARTAN 320 MG TABLET,1
1433,LOVENOX SUBCUT,1
1434,ARIPIPRAZOLE 10 MG TABLET,1
1435,MINOXIDIL 2.5 MG TABLET,1
1436,"SITAGLIPTIN 50 MG-METFORMIN ER 1,000 MG TABLET,EXTENDED RELEASE 24H MP",1
1437,INSULIN DETEMIR 100 UNIT/ML SUBCUTANEOUS SOLUTION,1
1438,BALSAM PERU-ZINC OXIDE TOPICAL OINTMENT,1
1439,METHYLPHENIDATE ER 18 MG TABLET,1
1440,CALCIUM ACETATE 667 MG TABLET,1
1441,ALBUTEROL 5 MG/ML CONTINUOUS INHALATION SOLUTION,1
1442,ANASTROZOLE (BULK) 100 % POWDER,1
1443,METRONIDAZOLE 0.75 % VAGINAL GEL,1
1444,FLUOROURACIL 5 % TOPICAL CREAM,1
1445,ACETAMINOPHEN 300 MG-CODEINE 15 MG TABLET,1
1446,FLUTICASONE 220 MCG/ACTUATION HFA AEROSOL INHALER,1
1447,DEXTRAN 70-HYPROMELLOSE (PF) 0.1 %-0.3 % EYE DROPS IN A DROPPERETTE,1
1448,TIOPRONIN 100 MG TABLET,1
1449,ZOLEDRONIC ACID 4 MG/100 ML IN MANNITOL-WATER INTRAVENOUS PIGGYBACK,1
1450,IPRATROPIUM 20 MCG-ALBUTEROL 100 MCG/ACTUATION MIST FOR INHALATION,1
1451,ATOMOXETINE 40 MG CAPSULE,1
1452,GAS-X EXTRA STRENGTH ORAL,1
1453,MSM ORAL,1
1454,OMEGA3-DHA-EPA-OTHER OMEGA3S-FISH OIL 350 MG- 400 MG CAPSULE,1
1455,DILAUDID MISC,1
1456,BIOTIN 5 MG CAPSULE,1
1457,POTASSIUM CHLORIDE 40 MEQ/L IN 5 % DEXTROSE INTRAVENOUS SOLUTION,1
1458,TRESIBA FLEXTOUCH U-100 SUBCUT,1
1459,CALCIUM CARBONATE-VITAMIN D3 250 MG-125 UNIT TABLET,1
1460,OLANZAPINE 5 MG DISINTEGRATING TABLET,1
1461,PHENYTOIN 5 MG/ML IVPB,1
1462,LORATADINE 5 MG TAB,1
1463,TANDEM PLUS ORAL,1
1464,AZELASTINE-FLUTICASONE 137 MCG-50 MCG/SPRAY NASAL SPRAY,1
1465,FROVATRIPTAN 2.5 MG TABLET,1
1466,PHENOBARB-HYOSCYAMN-ATROPINE-SCOP 16.2 MG-0.1037 MG-0.0194 MG TABLET,1
1467,"NIACIN ER 1,000 MG TABLET,EXTENDED RELEASE 24 HR",1
1468,"CHROMIUM PICOLINATE 1,000 MCG TABLET",1
1469,GENTAMICIN 0.1 % TOPICAL OINTMENT,1
1470,MEROPENEM IVPB (PHARMACIST SELECT PRODUCT),1
1471,DESMOPRESSIN 10 MCG/SPRAY (0.1 ML) NASAL SPRAY,1
1472,ALISKIREN 150 MG TABLET,1
1473,ALCLOMETASONE 0.05 % TOPICAL CREAM,1
1474,SODIUM CHLORIDE-POTASSIUM CHLORIDE 287 MG-180 MG-15 MG TABLET,1
1475,LACTULOSE 10 GRAM/15 ML (15 ML) ORAL SOLUTION,1
1476,LACTOBACILLUS COMBINATION NO.10 20 BILLION CELL CAPSULE,1
1477,FERROUS SULFATE 220 MG (44 MG IRON)/5 ML ORAL ELIXIR,1
1478,LEVAQUIN ORAL,1
1479,ETHAMBUTOL 400 MG TABLET,1
1480,PALIVIZUMAB 50 MG/0.5 ML INTRAMUSCULAR SOLUTION,1
1481,KLOR-CON 10 ORAL,1
1482,ENALAPRIL MALEATE 10 MG TABLET,1
1483,DOBUTAMINE 250 MG/250 ML (1 MG/ML) IN 5 % DEXTROSE INTRAVENOUS,1
1484,ALBUTEROL INHALATION,1
1485,TELOTRISTAT ETHYL 250 MG TABLET,1
1486,RISPERIDONE 0.25 MG DISINTEGRATING TABLET,1
1487,APTIOM ORAL,1
1488,NITROGLYCERIN 0.1 MG/HR TRANSDERMAL 24 HOUR PATCH,1
1489,ROFLUMILAST 500 MCG TABLET,1
1490,TIOTROPIUM BROMIDE 1.25 MCG/ACTUATION MIST FOR INHALATION,1
1491,NICOTINE (POLACRILEX) 4 MG GUM,1
1492,SOMATROPIN 10 MG/2 ML (5 MG/ML) SUBCUTANEOUS CARTRIDGE,1
1493,ZINC GLUCONATE 50 MG TABLET,1
1494,TIMOLOL MALEATE 0.5 % EYE GEL FORMING SOLUTION,1
1495,BENAZEPRIL 5 MG TABLET,1
1496,"BUPROPION HCL SR 100 MG TABLET,SUSTAINED-RELEASE",1
1497,DIPHENHYDRAMINE 50 MG CAPSULE,1
1498,VALSARTAN 320 MG-HYDROCHLOROTHIAZIDE 12.5 MG TABLET,1
1499,VORTIOXETINE 10 MG TABLET,1
1500,LIDOCAINE (PF) 5 MG/ML (0.5 %) INJECTION SOLUTION,1
1501,PRENATAL VIT WITH CA #40-IRON FUM-FOLIC ACID CMB#1 27 MG-1 MG TABLET,1
1502,HYDROMORPHONE 30MG/30ML (1 MG/ML) IV INFUSION,1
1503,PROMETHAZINE 6.25 MG/5 ML SYRUP,1
1504,EDOXABAN 60 MG TABLET,1
1505,"OXYCONTIN 15 MG TABLET,EXTENDED RELEASE",1
1506,"CARBAMAZEPINE ER 200 MG TABLET,EXTENDED RELEASE,12 HR",1
1507,NICOTINE (POLACRILEX) 2 MG BUCCAL LOZENGE,1
1508,GADOPENTETATE DIMEGLUMINE 469.01 MG/ML (46.9 %) INTRAVENOUS SOLUTION,1
1509,ALLEGRA ALLERGY ORAL,1
1510,"FERROUS SULFATE ER 142 MG (45 MG IRON) TABLET,EXTENDED RELEASE",1
1511,BETAMETHASONE DIPROPIONATE 0.05 % TOPICAL CREAM,1
1512,HALOPERIDOL 2 MG/ML ORAL CONCENTRATE,1
1513,QUINAPRIL 5 MG TABLET,1
1514,FLUTICASONE 50 MCG/ACTUATION BLISTER POWDER FOR INHALATION,1
1515,NITROGLYCERIN 0.4 MG/HR TRANSDERMAL 24 HOUR PATCH,1
1516,CRANBERRY CONCENTRATE ORAL,1
1517,LITHIUM CARBONATE 150 MG CAPSULE,1
1518,ESTRACE ORAL,1
1519,GLUCOSAMINE MSM ORAL,1
1520,"CALCIUM CARBONATE 500 MG (1,250 MG)-VITAMIN D3 200 UNIT TABLET",1
1521,LACTOBACILLUS COMBINATION NO.11 15 BILLION CELL SPRINKLE CAPSULE,1
1522,RIZATRIPTAN 5 MG TABLET,1
1523,CHOLECALCIFEROL (VITAMIN D3) 400 UNIT CAPSULE,1
1524,VITAMIN B COMPLEX CAPSULE,1
1525,INDOMETHACIN PEDIATRIC INFUSION,1
1526,CYCLOSPORINE MODIFIED 25 MG CAPSULE,1
1527,DOXEPIN 75 MG CAPSULE,1
1528,FLUOXETINE 20 MG/5 ML (4 MG/ML) ORAL SOLUTION,1
1529,HALOPERIDOL DECANOATE 100 MG/ML INTRAMUSCULAR SOLUTION,1
1530,WHITE PETROLATUM 42 % TOPICAL OINTMENT,1
1531,ZONISAMIDE 50 MG CAPSULE,1
1532,SILDENAFIL 50 MG TABLET,1
1533,PYRIDOXINE (VITAMIN B6) 100 MG TABLET,1
1534,DOCUSATE SODIUM 250 MG CAPSULE,1
1535,BENZTROPINE 2 MG/2 ML INJECTION SOLUTION,1
1536,"CHOLECALCIFEROL (VITAMIN D3) 50,000 UNIT TABLET",1
1537,SAXAGLIPTIN 2.5 MG TABLET,1
1538,METHOTREXATE SODIUM 10 MG TABLET,1
1539,"POTASSIUM CHLORIDE ER 8 MEQ TABLET,EXTENDED RELEASE",1
1540,METHOTREXATE HIGH DOSE MONITORING CONSULT TO PHARMACY,1
1541,TRAMADOL ORAL,1
1542,FLUOXETINE ORAL,1
1543,LEVOCARNITINE 100 MG/ML ORAL SOLUTION,1
1544,CALCIUM 300 ORAL,1
1545,ASCORBIC ACID (VITAMIN C) 250 MG TABLET,1
1546,OCUVITE ORAL,1
1547,ZOLOFT ORAL,1
1548,GUAIFENESIN 400 MG TABLET,1
1549,MUCUS CLEARING DEVICE,1
1550,OLOPATADINE 0.1 % EYE DROPS,1
1551,BRIMONIDINE 0.1 % EYE DROPS,1
1552,"OXYCODONE ER 60 MG TABLET,CRUSH RESISTANT,EXTENDED RELEASE 12 HR",1
1553,PROBIOTIC (B. COAGULANS) ORAL,1
1554,QUETIAPINE 300 MG TABLET,1
1555,METOPROLOL SUCCINATE ORAL,1
1556,SILVER-CALCIUM ALGINATE TOPICAL,1
1557,"TOFACITINIB ER 11 MG TABLET,EXTENDED RELEASE 24 HR",1
1558,PROCHLORPERAZINE MALEATE 5 MG TABLET,1
1559,TRAVOPROST (BENZALKONIUM) 0.004 % EYE DROPS,1
1560,DEXTROMETHORPHAN-GUAIFENESIN 10 MG-100 MG/5 ML ORAL LIQUID,1
1561,"L.ACIDOPH-L.RHAMN-B.BIFIDUM-B.LONG 12.9 MG (2 BILLION CELL) TABLET, DR",1
1562,PRENATAL VITAMIN #109-IRON-FOLIC ACID 40 MG IRON-1 MG CHEWABLE TABLET,1
1563,SALIVA STIMULANT AGENTS COMBINATION NO.2 ORAL MUCOSAL LIQUID,1
1564,DIGOXIN ORAL,1
1565,CYCLOBENZAPRINE ORAL,1
1566,HEPARIN FLUSH (PORCINE) 100 UNIT/ML IN 0.9 % SODIUM CHLORIDE IV KIT,1
1567,PHENOBARBITAL 64.8 MG TABLET,1
1568,"TOLTERODINE ER 2 MG CAPSULE,EXTENDED RELEASE 24 HR",1
1569,ALOXI AND DEXAMETHASONE IVPB,1
1570,POLYSACCHARIDE IRON COMPLEX 150 MG IRON CAPSULE,1
1571,HYDROXYPROGESTERONE (PF)(PREGNANCY PRESERVING) 250 MG/ML (1 ML) IM OIL,1
1572,RAMIPRIL 2.5 MG CAPSULE,1
1573,IMMUNE GLOB G 20 GRAM/200 ML(10%)-GLY-IGA AVE 46 MCG/ML INJECTION SOLN,1
1574,FLUTICASONE-SALMETEROL 115 MCG-21 MCG/ACTUATION HFA AEROSOL INHALER,1
1575,"TROSPIUM ER 60 MG CAPSULE,EXTENDED RELEASE 24 HR",1
1576,EZETIMIBE 10 MG-SIMVASTATIN 10 MG TABLET,1
1577,PENICILLIN V POTASSIUM 250 MG/5 ML ORAL SOLUTION,1
1578,BENZOCAINE 10 % MUCOSAL GEL,1
1579,TERAZOSIN 1 MG CAPSULE,1
1580,TRIAZOLAM 0.25 MG TABLET,1
1581,ZEGERID ORAL,1
1582,BUPRENORPHINE 20 MCG/HOUR WEEKLY TRANSDERMAL PATCH,1
1583,LACTULOSE ENEMA,1
1584,LANOLIN 50 % TOPICAL CREAM,1
1585,CETIRIZINE 10 MG CAPSULE,1
1586,METHYLPREDNISOLONE 4 MG TABLET,1
1587,NIACIN 250 MG TABLET,1
1588,ZYRTEC-D ORAL,1
1589,FENOFIBRATE 40 MG TABLET,1
1590,HUM PROTHROMBIN CPLX(PCC)4FACT 500 UNIT (400-620 UNIT) INTRAVENOUS KIT,1
1591,ESTRADIOL CYPIONATE 5 MG/ML INTRAMUSCULAR OIL,1
1592,BISOPROLOL 5 MG-HYDROCHLOROTHIAZIDE 6.25 MG TABLET,1
1593,GUAR GUM ORAL PACKET,1
1594,BACTRIM DS ORAL,1
1595,ACETYLCYSTEINE 600 MG CAPSULE,1
1596,SUPER B COMPLEX ORAL,1
1597,SUMATRIPTAN 85 MG-NAPROXEN 500 MG TABLET,1
1598,SODIUM CHLORIDE-ALOE VERA NASAL GEL,1
1599,HEP B-DP(A)T-POLIO VACC (PF) 10 MCG-25LF-25 MCG-10LF/0.5 ML IM SYRINGE,1
1600,CALCIUM-VITAMIN D3-VITAMIN K 500 MG-500 UNIT-40 MCG CHEWABLE TABLET,1
1601,CIPRO ORAL,1
1602,VERAPAMIL 120 MG TABLET,1
1603,OLANZAPINE 20 MG TABLET,1
1604,IMITREX ORAL,1
1605,WALKER,1
1606,"FENTANYL IN NS 1,500 MCG/30 ML PCA SO",1
1607,MODAFINIL 200 MG TABLET,1
1608,HEPARIN PF 100 UNIT/ML 50 ML - OKLC,1
1609,VERAPAMIL 2.5 MG/ML INTRAVENOUS SOLUTION,1
1610,MENTHOL-ZINC OXIDE 0.4 %-20 % TOPICAL PASTE,1
1611,LOPINAVIR-RITONAVIR 400 MG-100 MG/5 ML ORAL SOLUTION,1
1612,POTASSIUM REPLACEMENT REMINDER,1
1613,CALCIUM CITRATE-VITAMIN D3 315 MG-200 UNIT TABLET,1
1614,ROCURONIUM 10 MG/ML INTRAVENOUS SOLUTION,1
1615,SUPER OMEGA-3 ORAL,1
1616,"NIFEDIPINE ER 90 MG TABLET,EXTENDED RELEASE",1
1617,"DILTIAZEM ER (XR/XT) 240 MG CAPSULE,EXTENDED RELEASE,CONTROLLED",1
1618,"MIRABEGRON ER 50 MG TABLET,EXTENDED RELEASE 24 HR",1
1619,PHENAZOPYRIDINE 100 MG TABLET,1
1620,KETOTIFEN 0.025 % (0.035 %) EYE DROPS,1
1621,MECLIZINE 12.5 MG TABLET,1
1622,OMNICEF ORAL,1
1623,CYANOACRYLATE TOPICAL SOLUTION,1
1624,PROMETHAZINE 50 MG TABLET,1
1625,RANITIDINE 300 MG CAPSULE,1
1626,ALENDRONATE 70 MG TABLET,1
1627,AMITRIPTYLINE 50 MG TABLET,1
1628,VICTOZA 3-PAK 0.6 MG/0.1 ML (18 MG/3 ML) SUBCUTANEOUS PEN INJECTOR,1
1629,PREGABALIN 200 MG CAPSULE,1
1630,GALANTAMINE 8 MG TABLET,1
1631,LOPINAVIR-RITONAVIR 200 MG-50 MG TABLET,1
1632,NICARDIPINE 20 MG CAPSULE,1
1633,BACITRACIN ZINC 500 UNIT/GRAM TOPICAL PACKET,1
1634,NAPROXEN SODIUM 550 MG TABLET,1
1635,TRIMETHOBENZAMIDE 300 MG CAPSULE,1
1636,CEFEPIME 1000MG IVPB,1
1637,UAC FLUIDS WITH SODIUM ACETATE AND HEPARIN #2,1
1638,"IRON, CARBONYL 45 MG TABLET",1
1639,PROBIOTIC (S.BOULARDII) ORAL,1
1640,"PRENATAL VIT NO.87-IRON CARB,ASP.GLYC 18 MG-FA 1 MG-DHA 350 MG CAPSULE",1
1641,PRESERVISION LUTEIN ORAL,1
1642,INDAPAMIDE 1.25 MG TABLET,1
1643,AMITRIPTYLINE 100 MG TABLET,1
1644,D5W WITH POTASSIUM CL AND SODIUM BICARBONATE,1
1645,PRENATAL VITAMIN 16-IRON 35 MG-FOLIC ACID 1 MG-OMEGA-3 200 MG CAPSULE,1
1646,PROAIR HFA 90 MCG/ACTUATION AEROSOL INHALER,1
1647,HYDROCORTISONE 5 MG TABLET,1
1648,"NIACIN ER 750 MG TABLET,EXTENDED RELEASE 24 HR",1
1649,"DEXLANSOPRAZOLE 30 MG CAPSULE,BIPHASE DELAYED RELEASE",1
1650,INSULIN LISPRO SUBCUT,1
1651,BUPRENORPHINE HCL 8 MG SUBLINGUAL TABLET,1
1652,GADOPENTETATE DIMEGLUMINE 7.5 MMOL/15 ML (469.01 MG/ML) IV SYRINGE,1
1653,SINEMET ORAL,1
1654,ONDANSETRON HCL 24 MG TABLET,1
1655,CALCIUM CARBONATE 400 MG CHEWABLE TABLET,1
1656,METOPROLOL TARTRATE 37.5 MG TABLET,1
1657,PHENYLEPHRINE 0.5 % NASAL SPRAY,1
1658,TIOTROPIUM 2.5 MCG-OLODATEROL 2.5 MCG/ACTUATION MIST FOR INHALATION,1
1659,CLARITIN ORAL,1
1660,LURASIDONE 80 MG TABLET,1
1661,"CALCIUM CARBONATE 500 MG CALCIUM (1,250 MG) CHEWABLE TABLET",1
1662,METHYLPREDNISOLONE ACETATE 80 MG/ML SUSPENSION FOR INJECTION,1
1663,OLOPATADINE 0.2 % EYE DROPS,1
1664,"FLUTICASONE 50MCG SPRAY,SUSPEN-SODIUM CHLORIDE 0.9% SPRAY NASAL KIT",1
1665,DOCOSAHEXANOIC ACID 200 MG CAPSULE,1
1666,DIPHENHYDRAMINE 12.5 MG/5 ML ORAL LIQUID,1
1667,FLUTICASONE-SALMETEROL 230 MCG-21 MCG/ACTUATION HFA AEROSOL INHALER,1
1668,NICOTINE (POLACRILEX) 4 MG BUCCAL LOZENGE,1
1669,CILOSTAZOL 50 MG TABLET,1
1670,ZINC GLUCONATE 100 MG TABLET,1
1671,OXAZEPAM 30 MG CAPSULE,1
1672,METHYLPREDNISOLONE 500MG IVPB,1
1673,CHLORPHENIRAMINE MALEATE ORAL,1
1674,ELMIRON ORAL,1
1675,FIBER THERAPY SUGAR FREE ORAL,1
1676,DESLORATADINE 5 MG TABLET,1
1677,ARFORMOTEROL 15 MCG/2 ML SOLUTION FOR NEBULIZATION,1
1678,EFFEXOR XR ORAL,1
1679,ARMODAFINIL 50 MG TABLET,1
1680,"MORPHINE ER 60 MG TABLET,EXTENDED RELEASE",1
1681,GLIMEPIRIDE 4 MG TABLET,1
1682,TAFLUPROST (PF) 0.0015 % EYE DROPS IN A DROPPERETTE,1
1683,ESZOPICLONE 1 MG TABLET,1
1684,SULFAMETHOXAZOLE 400 MG-TRIMETHOPRIM 80 MG TABLET,1
1685,FOLIC ACID ORAL,1
1686,ALBUTEROL (REFILL) INHALATION,1
1687,CEFTRIAXONE PEDIATRIC IV SYRINGE,1
1688,JANUMET ORAL,1
1689,MIDODRINE 2.5 MG TABLET,1
1690,NAPROSYN ORAL,1
1691,RASAGILINE 1 MG TABLET,1
1692,LANSOPRAZOLE 3 MG/ML ORAL SUSPENSION COMPOUND,1
1693,INSULIN LISPRO PROTAMINE-LISPRO 100 UNIT/ML (75-25) SUBCUTANEOUS PEN,1
1694,TEMAZEPAM 22.5 MG CAPSULE,1
1695,ESTRADIOL 0.5 MG TABLET,1
1696,"BIOTIN 5,000 MCG DISINTEGRATING TABLET",1
1697,RABIES IMMUNE GLOBULIN (PF) 150 UNIT/ML INTRAMUSCULAR SOLUTION,1
1698,TUMS 500 ORAL,1
1699,"VENLAFAXINE ER 37.5 MG TABLET,EXTENDED RELEASE 24 HR",1
1700,CALCIUM ORAL,1
1701,BISOPROLOL FUMARATE 10 MG TABLET,1
1702,"GARLIC 1,000 MG CAPSULE",1
1703,TERBUTALINE 5 MG TABLET,1
1704,MOBIC ORAL,1
1705,BELLADONNA ALKALOIDS-OPIUM 16.2 MG-60 MG RECTAL SUPPOSITORY,1
1706,FUROSEMIDE IVPB,1
1707,AZO ORAL,1
1708,MAGNESIUM OXIDE-MAGNESIUM AMINO ACID CHELATE 300 MG CAPSULE,1
1709,VITAMIN C ORAL,1
1710,"NYSTATIN 100,000 UNIT/GRAM TOPICAL CREAM",1
1711,ANTIBIOTIC CONSULT TO PHARMACY,1
1712,ARTIFICIAL TEARS WITH LANOLIN EYE OINTMENT,1
1713,CEFOTAXIME 2000 MG INFUSION SO,1
1714,LYRICA ORAL,1
1715,RANITIDINE HCL ORAL,1
1716,METHOTREXATE PF INTRATHECAL SYRINGE,1
1717,TRIAMCINOLONE ACETONIDE 0.1 % DENTAL PASTE,1
1718,POLYVINYL ALCOHOL 1.4 % EYE DROPS,1
1719,ONETOUCH ULTRAMINI KIT,1
1720,MENTHOL 4 % TOPICAL GEL,1
1721,HYDROCODONE 10 MG-ACETAMINOPHEN 300 MG TABLET,1
1722,PHENDIMETRAZINE TARTRATE 35 MG TABLET,1
1723,CEFIXIME 400 MG CAPSULE,1
1724,PIPERACILLIN-TAZOBACTAM 3.375 GRAM INTRAVENOUS SOLUTION,1
1725,"NIACIN ER 500 MG TABLET,EXTENDED RELEASE 24 HR",1
1726,DEPAKOTE ORAL,1
1727,METHADONE 10 MG/ML ORAL CONCENTRATE,1
1728,GELATIN ABSORBABLE 100 TOPICAL SPONGE,1
1729,DABIGATRAN ETEXILATE 75 MG CAPSULE,1
1730,ACETAMINOPHEN 80 MG RECTAL SUPPOSITORY,1
1731,BECLOMETHASONE DIPROPIONATE 80 MCG/ACTUATION AEROSOL INHALER,1
1732,CHLORPROMAZINE 25 MG/ML INJECTION SOLUTION,1
1733,OXCARBAZEPINE 150 MG TABLET,1
1734,AMBIEN ORAL,1
1735,ESTRADIOL 0.075 MG/24 HR SEMIWEEKLY TRANSDERMAL PATCH,1
1736,"FERROUS SULFATE 325 MG (65 MG IRON) TABLET,DELAYED RELEASE",1
1737,BUSPIRONE 15 MG TABLET,1
1738,PINDOLOL 10 MG TABLET,1
1739,DILTIAZEM 120 MG TABLET,1
1740,LATUDA ORAL,1
1741,"GLIPIZIDE ER 10 MG TABLET, EXTENDED RELEASE 24 HR",1
1742,ALPHA LIPOIC ACID 200 MG CAPSULE,1
1743,PSYLLIUM ORAL POWDER,1
1744,HYDROCORTISONE 0.5 % TOPICAL CREAM,1
1745,MEGAKRILL ORAL,1
1746,MAGNESIUM REPLACEMENT REMINDER,1
1747,TEMAZEPAM 7.5 MG CAPSULE,1
1748,CONJUGATED ESTROGENS 0.45 MG TABLET,1
1749,ADULT PROBIOTIC ORAL,1
1750,THYROID (PORK) 32.5 MG TABLET,1
1751,METHYLDOPA 250 MG TABLET,1
1752,STOOL SOFTENER ORAL,1
1753,INDOMETHACIN 50 MG CAPSULE,1
1754,CALCIUM 500 WITH VITAMIN D ORAL,1
1755,METHOTREXATE (PF) 30 MG/0.6 ML SUBCUTANEOUS AUTO-INJECTOR,1
1756,"OMEGA-3S 360 MG-DHA-EPA-FISH OIL 1,200 MG-D3 1,000 UNIT CAPSULE",1
1757,PROBIOTIC BLEND ORAL,1
1758,IBUPROFEN-DIPHENHYDRAMINE CITRATE 200 MG-38 MG TABLET,1
1759,ACYCLOVIR 400 MG TABLET,1
1760,ASACOL ORAL,1
1761,"DIMETHYL FUMARATE 240 MG CAPSULE,DELAYED RELEASE",1
1762,NORGESTIMATE 0.25 MG-ETHINYL ESTRADIOL 35 MCG TABLET,1
1763,CELECOXIB 100 MG CAPSULE,1
1764,D10W/HEPARIN 1 UNIT/ML 500 ML INFUSION,1
1765,CLOBETASOL 0.05 % TOPICAL OINTMENT,1
1766,DEXTROAMPHETAMINE-AMPHETAMINE 30 MG TABLET,1
1767,IMIPENEM-CILASTATIN 1000 MG IVPB,1
1768,CLINDAMYCIN 900 MG IVPB ADV,1
1769,CALCIUM 600 + D(3) ORAL,1
1770,MIRTAZAPINE 30 MG TABLET,1
1771,GLUCOSAMINE-CHONDROITIN 500 MG-400 MG CAPSULE,1
1772,MEDROL (PAK) ORAL,1
1773,RIFAMPIN 300 MG CAPSULE,1
1774,IRON PS COMPLEX-IRON HEME POLY-FA-VITB12 22 MG-6 MG-1 MG-25 MCG TABLET,1
1775,TRIAMCINOLONE ACETONIDE 0.025 % TOPICAL CREAM,1
1776,IV FLUID WITH POTASSIUM,1
1777,CHLORZOXAZONE 500 MG TABLET,1
1778,LEVOTHYROXINE 100 MCG CAPSULE,1
1779,CEFTAZIDIME PEDIATRIC IV SYRINGE,1
1780,SECUKINUMAB 150 MG/ML SUBCUTANEOUS SYRINGE,1
1781,TOLTERODINE 2 MG TABLET,1
1782,ESTERIFIED ESTROGENS 0.625 MG TABLET,1
1783,BUPRENORPHINE HCL 150 MCG BUCCAL FILM,1
1784,FLUPHENAZINE 5 MG TABLET,1
1785,"CETIRIZINE 5 MG-PSEUDOEPHEDRINE ER 120 MG TABLET,EXTENDED RELEASE,12HR",1
1786,FLAVOXATE 100 MG TABLET,1
1787,DOXYCYCLINE HYCLATE 50 MG CAPSULE,1
1788,INSULIN DEGLUDEC 100 UNIT/ML (3 ML) SUBCUTANEOUS PEN,1
1789,"BACITRACIN-POLYMYXIN B 500 UNIT-10,000 UNIT/GRAM TOPICAL OINTMENT",1
1790,FAMOTIDINE-CA CARB-MAG HYDROX 10 MG-800 MG-165 MG CHEWABLE TABLET,1
1791,BENAZEPRIL 20 MG TABLET,1
1792,LISINOPRIL 30 MG TABLET,1
1793,LACOSAMIDE 100 MG TABLET,1
1794,INSULIN REGULAR 100 UNITS/ML VARIABLE DOSE,1
1795,OFLOXACIN 0.3 % EYE DROPS,1
1796,SODIUM CHLORIDE 0.9 % VARIABLE DOSE FLUSH SYRINGE,1
1797,BISOPROLOL 2.5 MG-HYDROCHLOROTHIAZIDE 6.25 MG TABLET,1
1798,FLUCONAZOLE 400 MG/200 ML IN SOD. CHLORIDE(ISO) INTRAVENOUS PIGGYBACK,1
1799,PROMETHAZINE 12.5 MG TABLET,1
1800,CHOLESTYRAMINE (WITH SUGAR) 4 GRAM ORAL POWDER,1
1801,BIMATOPROST 0.01 % EYE DROPS,1
1802,"DEXTROAMPHETAMINE-AMPHETAMINE ER 15 MG 24HR CAPSULE,EXTEND RELEASE",1
1803,PRIMIDONE 250 MG TABLET,1
1804,LISDEXAMFETAMINE 40 MG CAPSULE,1
1805,EXENATIDE 10 MCG/DOSE(250 MCG/ML)2.4 ML SUBCUTANEOUS PEN INJECTOR,1
1806,CEFTRIAXONE 2 GRAM SOLUTION FOR INJECTION,1
1807,CHLORPHENIRAMINE 4 MG TABLET,1
1808,"VERAPAMIL ER (SR) 240 MG TABLET,EXTENDED RELEASE",1
1809,ZYRTEC ORAL,1
1810,TRIMETHOPRIM 100 MG TABLET,1
1811,POTASSIUM CHLORIDE 40 MEQ/L IN DEXTROSE 5 %-0.45 % SODIUM CHLORIDE IV,1
1812,POTASSIUM GLUCONATE 595 MG (99 MG) TABLET,1
1813,NEXIUM ORAL,1
1814,NORETHINDRONE ACETATE-ETHINYL ESTRADIOL 1.5 MG-30 MCG TABLET,1
1815,"TRAMADOL ER 200 MG CAPSULE 24H,EXTENDED RELEASE(25-75)",1
1816,METHYLPHENIDATE 20 MG TABLET,1
1817,VALSARTAN 160 MG-HYDROCHLOROTHIAZIDE 25 MG TABLET,1
1818,"EPINEPHRINE 0.15 MG/0.3 ML INJECTION,AUTO-INJECTOR",1
1819,PROMETHAZINE 25 MG/ML TOPICAL GEL,1
1820,LURASIDONE 40 MG TABLET,1
1821,FLUTICASONE-VILANTEROL INHALATION,1
1822,VITAMIN E 400 UNIT CAPSULE,1
1823,SACUBITRIL 49 MG-VALSARTAN 51 MG TABLET,1
1824,"OCTREOTIDE,MICROSPHERES 30 MG INTRAMUSCULAR KIT",1
1825,"METOPROLOL SUCCINATE ER 200 MG TABLET,EXTENDED RELEASE 24 HR",1
1826,INDAPAMIDE 2.5 MG TABLET,1
1827,FOSPHENYTOIN IN 50 ML IVPB LOADING DOSE DISPENSABLE,1
1828,METHOTREXATE IVPB,1
1829,SODIUM BICARBONATE AND SODIUM CHLORIDE 0.9 % INHALATION SOLUTION,1
1830,TORSEMIDE 100 MG TABLET,1
1831,ACETAMINOPHEN 120 MG RECTAL SUPPOSITORY,1
1832,HEPATITIS B IMMUNE GLOBULIN 110 UNIT/0.5 ML INTRAMUSCULAR SYRINGE,1
1833,HEPARIN (PORCINE) 10 UNIT/ML IN 0.9 % SODIUM CHLORIDE INTRAVENOUS KIT,1
1834,CEFTAROLINE 400 MG IVPB,1
1835,BEXAROTENE 75 MG CAPSULE,1
1836,NALOXONE 4 MG/ACTUATION NASAL SPRAY,1
1837,VICKS DAYQUIL COUGH ORAL,1
1838,"CYANOCOBALAMIN (VIT B-12) 2,500 MCG SUBLINGUAL LOZENGE",1
1839,CARBOXYMETHYLCELLULOSE SODIUM 1 % EYE GEL IN A DROPPERETTE,1
1840,QUETIAPINE 200 MG TABLET,1
1841,GLYCOPYRROLATE 1 MG/5 ML (0.2 MG/ML) INTRAVENOUS SYRINGE,1
1842,CEFTAZIDIME 1 GRAM INTRAVENOUS SOLUTION,1
1843,SODIUM POLYSTYRENE SULFONATE 1 GRAM/3 ML NEONATAL RECTAL SUSPENSION COD,1
1844,LASIX ORAL,1
1845,PROSTAT ORAL,1
1846,VITAMIN B COMPLEX ORAL,1
1847,NITROFURANTOIN ORAL,1
1848,POLYCARBOPHIL VAGINAL GEL,1
1849,"TRANEXAMIC ACID 1,000 MG/10 ML (100 MG/ML) INTRAVENOUS SOLUTION",1
1850,EYE DROPS OP,1
1851,PRAMIPEXOLE 0.75 MG TABLET,1
1852,"GUAIFENESIN ER 600 MG TABLET,EXTENDED RELEASE",1
1853,BACITRACIN ZINC 500 UNIT/GRAM TOPICAL OINTMENT,1
1854,SUVOREXANT 20 MG TABLET,1
1855,EZETIMIBE 10 MG-SIMVASTATIN 40 MG TABLET,1
1856,BUTALBITAL 50 MG-ACETAMINOPHEN 325 MG-CAFFEINE 40 MG-CODEINE 30 MG CAP,1
1857,CRRT SOLUTION WITH ADDITIVES - OKLC,1
1858,DIATRIZOATE MEGLUMINE AND DIAT.SODIUM 66 %-10 % ORAL SOLUTION,1
1859,SILDENAFIL 100 MG TABLET,1
1860,PERMETHRIN 1 % TOPICAL LIQUID,1
1861,NORETHINDRONE-ETHINYL ESTRADIOL 1 MG-35 MCG TABLET,1
1862,PROCHLORPERAZINE 25 MG RECTAL SUPPOSITORY,1
1863,LUBIPROSTONE 8 MCG CAPSULE,1
1864,LIDOCAINE HCL 2 % TOPICAL CREAM,1
1865,PRENATAL VIT NO.128-FERROUS FUMARATE 28 MG-FOLIC ACID 800 MCG TABLET,1
1866,"MESALAMINE CR 250 MG CAPSULE,CONTROLLED RELEASE",1
1867,PRIMIDONE 50 MG TABLET,1
1868,"PENTOXIFYLLINE ER 400 MG TABLET,EXTENDED RELEASE",1
1869,OSELTAMIVIR 6 MG/ML ORAL SUSPENSION,1
1870,PRENATAL VIT #80-IRON 38 MG-MFOLATE 1 MG-DSS 25 MG-DHA 225 MG CAPSULE,1
1871,"MEMANTINE 28 MG CAPSULE SPRINKLE,EXTENDED RELEASE 24HR",1
1872,PROPRANOLOL 60 MG TABLET,1
1873,CARISOPRODOL ORAL,1
1874,BUPRENORPHINE HCL 0.3 MG/ML INJECTION SOLUTION,1
1875,"METOPROLOL SUCCINATE ER 12.5 MG TABLET,EXTENDED RELEASE 24 HR",1
1876,LANTUS SOLOSTAR 100 UNIT/ML (3 ML) SUBCUTANEOUS INSULIN PEN,1
1877,NADOLOL 40 MG TABLET,1
1878,DOXYLAMINE SUCCINATE 25 MG TABLET,1
1879,"NALOXONE 0.4 MG/0.4 ML INJECTION, AUTO-INJECTOR",1
1880,"NEOMYCIN-COLIST-HC-THONZONM 3.3 MG-3 MG-10 MG-0.5 MG/ML EAR DROPS,SUSP",1
1881,"DAPAGLIFLOZIN 10 MG-METFORMIN ER 1,000 MG TABLET,EXTENDED RELEASE 24HR",1
1882,PRASTERONE (DHEA) 25 MG CAPSULE,1
1883,VECURONIUM BROMIDE 10 MG INTRAVENOUS SOLUTION,1
1884,SUMATRIPTAN 25 MG TABLET,1
1885,DAPSONE 25 MG TABLET,1
1886,TIMOLOL MALEATE 0.25 % EYE DROPS,1
1887,DOXAZOSIN 1 MG TABLET,1
1888,COQ10 (UBIQUINOL) ORAL,1
1889,NITROGLYCERIN 400 MCG/SPRAY TRANSLINGUAL,1
1890,GELATIN (BULK) POWDER,1
1891,PROPAFENONE 150 MG TABLET,1
1892,GLUCOSE BITS ORAL,1
1893,EMPAGLIFLOZIN 25 MG TABLET,1
1894,SITAGLIPTIN 50 MG TABLET,1
1895,GLYBURIDE 5 MG TABLET,1
1896,PHENYTOIN 100 MG/4 ML ORAL SUSPENSION,1
1897,BROMELAIN ORAL,1
1898,HAEMOPHILUS B POLYSACCHARID CONJ-TETANUS TOX(PF) 10 MCG/0.5 ML IM SOLN,1
1899,ACETAZOLAMIDE IVPB,1
1900,PHENOBARBITAL 97.2 MG TABLET,1
1901,"LORATADINE-PSEUDOEPHEDRINE ER 10 MG-240 MG TABLET,EXTENDED RELEASE24HR",1
1902,PREDNISONE 5 MG TABLETS IN A DOSE PACK,1
1903,"ESMOLOL 2,500 MG/250 ML (10 MG/ML) IN SODIUM CHLORIDE (ISO-OSMOTIC) IV",1
1904,ERYTHROMYCIN ETHYLSUCCINATE 400 MG TABLET,1
1905,PAROXETINE 40 MG TABLET,1
1906,MOMETASONE 220 MCG (14 DOSES) BREATH ACTIVATED POWDER INHALER,1
1907,MAGNESIUM OXIDE 400 MG CAPSULE,1
1908,MEROPENEM IVPB,1
1909,PROMETHAZINE 12.5 MG RECTAL SUPPOSITORY,1
1910,FENTANYL (PF) 250 MCG/25 ML (10 MCG/ML) IN 0.9 % NACL PCA SYRINGE,1
1911,PEG 400-PROPYLENE GLYCOL 0.4 %-0.3 % EYE DROPS,1
1912,MULTIVITAMIN WITH MINERALS TABLET,1
1913,LEVALBUTEROL HFA 45 MCG/ACTUATION AEROSOL INHALER,1
1914,RED YEAST RICE 600 MG TABLET,1
1915,TYLENOL ORAL,1
1916,ALKA-SELTZER ANTACID ORAL,1
1917,SODIUM PHOSPHATE 3 MMOL/ML ORAL SOLUTION,1
1918,SODIUM CHLORIDE 0.9% NEONATAL BOLUS,1
1919,TRIMETHOPRIM-SULFAMETHOXAZOLE IVPB,1
1920,TELMISARTAN 20 MG TABLET,1
1921,IODINE STRONG (LUGOLS) 5 % ORAL SOLUTION,1
1922,AMLODIPINE 5 MG-OLMESARTAN 20 MG TABLET,1
1923,ACYCLOVIR ORAL,1
1924,SODIUM 70 MEQ-CL 60 MEQ-POTASS 20 MEQ-CITRATE 30 MEQ/L ORAL SOLUTION,1
1925,BUPRENORPHINE HCL 75 MCG BUCCAL FILM,1
1926,"ACETAZOLAMIDE ER 500 MG CAPSULE,EXTENDED RELEASE",1
1927,CARBIDOPA 25 MG-LEVODOPA 250 MG TABLET,1
1928,VARENICLINE 1 MG TABLET,1
1929,GLUCOSAMINE-CHONDROITIN 500 MG-400 MG TABLET,1
1930,CARAFATE 100 MG/ML ORAL SUSPENSION,1
1931,FARXIGA 5 MG TABLET,1
1932,"NIFEDIPINE ER 60 MG TABLET,EXTENDED RELEASE",1
1933,FLORAJEN3 ORAL,1
1934,MULTIVIT-MIN-FOLIC ACID 300 MCG-LYCOPENE 600 MCG-LUTEIN 300 MCG TABLET,1
1935,REMIFENTANIL 1 MG INTRAVENOUS SOLUTION,1
1936,TELMISARTAN 80 MG TABLET,1
1937,DIAZEPAM 20 MG RECTAL SYRINGE,1
1938,"TOLTERODINE ER 4 MG CAPSULE,EXTENDED RELEASE 24 HR",1
1939,MIRTAZAPINE 30 MG DISINTEGRATING TABLET,1
1940,WARFARIN 3 MG TABLET,1
1941,SILDENAFIL 20 MG TABLET,1
1942,DIPHENHYDRAMINE 25 MG-ACETAMINOPHEN 500 MG TABLET,1
1943,CEPHALEXIN 250 MG CAPSULE,1
1944,CLONAZEPAM 2 MG TABLET,1
1945,HYDROMORPHONE (PF) 2 MG/ML INJECTION SOLUTION,1
1946,ELETRIPTAN HBR 40 MG TABLET,1
1947,"DIVALPROEX ER 250 MG TABLET,EXTENDED RELEASE 24 HR",1
1948,PIOGLITAZONE 30 MG TABLET,1
1949,MEPERIDINE (PF) 75 MG/ML INJECTION SYRINGE,1
1950,ROPINIROLE 0.5 MG TABLET,1
1951,CLOTRIMAZOLE 1 % VAGINAL CREAM,1
1952,SMOG ENEMA,1
1953,LEVOBUNOLOL 0.5 % EYE DROPS,1
1954,GLYCOPYRROLATE 9 MCG-FORMOTEROL 4.8 MCG HFA AEROSOL INHALER,1
1955,AMLODIPINE 5 MG-VALSARTAN 320 MG TABLET,1
1956,LYSINE 500 MG TABLET,1
1957,ACETAMINOPHEN 160 MG/5 ML (5 ML) ORAL SUSPENSION,1
1958,VALSARTAN ORAL,1
1959,"BRINZOLAMIDE 1 % EYE DROPS,SUSPENSION",1
1960,"ZOLPIDEM ER 6.25 MG TABLET,EXTENDED RELEASE,MULTIPHASE",1
1961,PRENATAL VIT #96-FERROUS FUMARATE-FOLIC ACID 27 MG IRON-800 MCG TABLET,1
1962,TETRAHYDROZOLINE 0.05 % EYE DROPS,1
1963,"TRAMADOL ER 100 MG TABLET,EXTENDED RELEASE 24 HR",1
1964,FLUVOXAMINE 50 MG TABLET,1
1965,HYDROMORPHONE 1 MG/ML ORAL LIQUID,1
1966,ZONISAMIDE 25 MG CAPSULE,1
1967,ZINC SULFATE 220 MG TABLET,1
1968,ESTROVEN ORAL,1
1969,ALBUTEROL SULFATE 2 MG TABLET,1
1970,CRANBERRY 500 MG CAPSULE,1
1971,AMPICILLIN-SULBACTAM PEDIATRIC IV SYRINGE,1
1972,"VITAMIN C 50 MG-BIOTIN 1,250 MCG CHEWABLE TABLET",1
1973,MEGESTROL 20 MG TABLET,1
1974,EPINEPHRINE 0.1 MG/ML INJECTION SYRINGE,1
1975,DICLOFENAC POTASSIUM 50 MG TABLET,1
1976,CEFTAZIDIME 1000MG IVPB,1
1977,AMLODIPINE 10 MG-OLMESARTAN 20 MG TABLET,1
1978,VANCOMYCIN 125 MG/5 ML ORAL SOLUTION IN CHERRY SYRUP,1
1979,IOPAMIDOL 41 % INTRATHECAL SOLUTION,1
1980,ACETAMINOPHEN 80 MG CHEWABLE TABLET,1
1981,OSTEO BI-FLEX ORAL,1
1982,GLYCOPYRROLATE 1 MG/5 ML (0.2 MG/ML) ORAL SOLUTION,1
1983,POTASSIUM BICARBONATE AND CHLORIDE 20 MEQ EFFERVESCENT TABLET,1
1984,METHENAMINE HIPPURATE 1 GRAM TABLET,1
1985,CONJ ESTROGEN-MEDROXYPROGESTERONE 0.3 MG-1.5 MG TABLET,1
1986,TACROLIMUS 1 MG CAPSULE,1
1987,DOXYCYCLINE MONOHYDRATE 100 MG CAPSULE,1
1988,NATEGLINIDE 120 MG TABLET,1
1989,TESTOSTERONE 30 MG/ACTUATION (1.5 ML) TRANSDERM SOLUTION METERED PUMP,1
1990,HEPARIN LOCK FLUSH (PORCINE) 100 UNIT/ML INTRAVENOUS SOLUTION,1
1991,BARIUM SULFATE 60 % (W/V) ORAL SUSPENSION,1
1992,DENOSUMAB 120 MG/1.7 ML (70 MG/ML) SUBCUTANEOUS SOLUTION,1
1993,RISPERDAL ORAL,1
1994,FIORICET ORAL,1
1995,PHENYLEPHRINE HCL RECTAL,1
1996,LEVOMEFOLATE CALCIUM 7.5 MG TABLET,1
1997,METHYLPREDNISOLONE (PF) 250MG IVPB,1
1998,NAPROXEN ORAL,1
1999,"RABIES VACCINE, PURIFIED CHICKEN EMBRYO CELL (PF) 2.5 UNIT IM SUSP",1
2000,DEXAMETHASONE 1.5 MG TABLET,1
2001,TOVIAZ ORAL,1
2002,ETOPOSIDE IVPB,1
2003,ACETAMINOPHEN 120 MG-CODEINE 12 MG/5 ML ORAL SOLUTION,1
2004,"CEFOXITIN 1 GRAM/50 ML IN DEXTROSE, ISO-OSMOTIC INTRAVENOUS PIGGYBACK",1
2005,TESTOSTERONE CYPIONATE 100 MG/ML INTRAMUSCULAR OIL,1
2006,CONJUGATED ESTROGENS 0.625 MG/GRAM VAGINAL CREAM,1
2007,"VERAPAMIL ER (PM) 100 MG CAPSULE 24HR PELLET CT,EXT.RELEASE",1
2008,"GLUCOSAMINE SULFATE 1,000 MG CAPSULE",1
2009,"MEMANTINE 21 MG CAPSULE SPRINKLE,EXTENDED RELEASE 24HR",1
2010,"ASPIRIN, BUFFERED 325 MG TABLET",1
2011,SPIRONOLACTONE 50 MG TABLET,1
2012,"ALFUZOSIN ER 10 MG TABLET,EXTENDED RELEASE 24 HR",1
2013,ZOLMITRIPTAN 2.5 MG TABLET,1
2014,LEFLUNOMIDE ORAL,1
2015,IMATINIB 100 MG TABLET,1
2016,PRENATAL VITAMIN ORAL,1
2017,NICARDIPINE 40 MG/200 ML IN SODIUM CHLORIDE(ISO) INTRAVENOUS PIGGYBACK,1
2018,ASPIRIN-CAFFEINE 400 MG-32 MG TABLET,1
2019,VALPROIC ACID (AS SODIUM SALT) 250 MG/5 ML (5 ML) ORAL SOLUTION,1
2020,KETOROLAC 0.5 % EYE DROPS,1
2021,JANUVIA ORAL,1
2022,CYMBALTA ORAL,1
2023,GLYCOPYRROLATE 0.4 MG/2 ML (0.2 MG/ML) INTRAVENOUS SYRINGE,1
2024,ESTRADIOL-NORETHINDRONE ACET 1 MG-0.5 MG TABLET,1
2025,ERTAPENEM CUSTOM IVPB,1
2026,PANCRELIPASE 5000 ORAL,1
2027,VILAZODONE 40 MG TABLET,1
2028,LIDOCAINE 4 % (40 MG/ML) MUCOSAL SOLUTION,1
2029,TRIAMTERENE 75 MG-HYDROCHLOROTHIAZIDE 50 MG TABLET,1
2030,DILTIAZEM 90 MG TABLET,1
2031,ROPINIROLE 2 MG TABLET,1
2032,GARLIC CAPSULE,1
2033,VYVANSE ORAL,1
2034,ACYCLOVIR IVPB,1
2035,RAMIPRIL 1.25 MG CAPSULE,1
2036,SENNA LAXATIVE ORAL,1
2037,NUTRITIONAL SUPPLEMENTS ORAL,1
2038,PROGESTERONE MICRONIZED 200 MG CAPSULE,1
2039,DANTROLENE 25 MG CAPSULE,1
2040,CLINDAMYCIN 900 MG INFUSION SO,1
2041,BUPRENORPHINE 2 MG-NALOXONE 0.5 MG SUBLINGUAL TABLET,1
2042,PRILOSEC ORAL,1
2043,RISPERIDONE 3 MG TABLET,1
2044,"DIPH,PERTUS(ACEL),TET PED(PF) 25 LF UNIT-58 MCG-10 LF/0.5ML IM SYRINGE",1
2045,ZOFRAN ODT ORAL,1
2046,ATENOLOL 100 MG-CHLORTHALIDONE 25 MG TABLET,1
2047,ACETAMINOPHEN 10 MG/ML NEONATAL SYRINGE,1
2048,MULTI VITAMIN ORAL,1
2049,TRIAMCINOLONE ACETONIDE 0.5 % TOPICAL OINTMENT,1
2050,NITROFURANTOIN MACROCRYSTAL 50 MG CAPSULE,1
2051,CLINDAMYCIN 900 MG/6 ML INTRAVENOUS SOLUTION,1
2052,TORSEMIDE 5 MG TABLET,1
2053,DOXAZOSIN 2 MG TABLET,1
2054,PHOSPHORUS REPLACEMENT REMINDER,1
2055,ACETAZOLAMIDE 250 MG TABLET,1
2056,LANTHANUM 500 MG CHEWABLE TABLET,1
2057,RESVERATROL 250 MG CAPSULE,1
2058,OCUVITE ADULT 50+ ORAL,1
2059,CITALOPRAM 40 MG TABLET,1
2060,LOVASTATIN ORAL,1
2061,ALBUTEROL SULFATE 5 MG/ML (0.5 %) SOLUTION FOR NEBULIZATION,1
2062,VITAMIN E ORAL,1
2063,"FEXOFENADINE-PSEUDOEPHEDRINE ER 180 MG-240 MG TABLET,EXT.RELEASE 24 HR",1
2064,"BUDESONIDE DR-ER 9 MG TABLET,DELAYED AND EXTENDED RELEASE",1
2065,ZITHROMAX ORAL,1
2066,"ACAMPROSATE 333 MG TABLET,DELAYED RELEASE",1
2067,SODIUM BICARBONATE 1 MEQ/ML (8.4 %) INTRAVENOUS SOLUTION,1
2068,FOLIC ACID 5 MG/ML INJECTION SOLUTION,1
2069,ESZOPICLONE 2 MG TABLET,1
2070,ELUXADOLINE 75 MG TABLET,1
2071,AZELASTINE 0.05 % EYE DROPS,1
2072,LACTOBACILLUS ACIDOPHILUS 10 BILLION CELL CAPSULE,1
2073,VIT C 150 MG-VIT E 30 UNIT-LUTEIN 5 MG-MINERALS-OMEGA 3 150 MG CAPSULE,1
2074,DICLOXACILLIN 500 MG CAPSULE,1
2075,CLOTRIMAZOLE 10 MG TROCHE,1
2076,ATOVAQUONE 750 MG/5 ML ORAL SUSPENSION,1
2077,IRON POLYSACCHARIDE COMPLEX-IRON HEME POLYPEPTIDE 28 MG TABLET,1
2078,VENLAFAXINE 75 MG TABLET,1
2079,METHYLNALTREXONE 12 MG/0.6 ML SUBCUTANEOUS SOLUTION,1
2080,LEFLUNOMIDE 10 MG TABLET,1
2081,STARTER TPN IN D7.5W - OKLC,1
2082,FERROUS GLUCONATE 256 MG (28 MG IRON) TABLET,1
2083,PRENATAL VIT #102-IRON 90 MG-FOLATE 1 MG-DSS 50 MG-DHA 200 MG CAPSULE,1
2084,ARIPIPRAZOLE 2 MG TABLET,1
2085,METFORMIN CONSULT TO PHARMACY,1
2086,ENALAPRIL 0.2 MG/ML ORAL SUSPENSION COMPOUND,1
2087,MUPIROCIN 2 % NASAL OINTMENT,1
2088,LIDOCAINE-PRILOCAINE 2.5 %-2.5 % TOPICAL CREAM,1
2089,ACETAMINOPHEN 160 MG/5 ML ORAL SOLUTION SO,1
