,procedure_name,count(procedure_name)
0,COLONOSCOPY THRU COLOTOMY,12663
1,"FULL ROUT OBSTE CARE,CESAREAN DELIV",7417
2,"LAP,CHOLECYSTECTOMY",6085
3,UPPER GI ENDOSCOPY PERFORMED,5912
4,CYSTOURETHROSCOPY,4523
5,,2645
6,"LAP,APPENDECTOMY",1911
7,TOTAL KNEE ARTHROPLASTY,1886
8,"REMV CATARACT EXTRACAP,INSERT LENS,COMP",1754
9,BIOPSY OF SKIN LESION,1750
10,"LAP,DIAGNOSTIC ABDOMEN",1684
11,EXCISE LIP OR CHEEK FOLD,1617
12,ARTHRS KNEE W/MENISCECTOMY MED&LAT W/SHAVING,1564
13,"CYSTO/URETERO/PYELOSCOPY, DX",1436
14,NJX DX/THER SBST EPIDURAL/SUBARACH LUMBAR/SACRAL,1430
15,"REMOVE TONSILS/ADENOIDS,<12 Y/O",1397
16,TOTAL HIP ARTHROPLASTY,1343
17,"LAP,INGUINAL HERNIA REPR,INITIAL",1223
18,ERCP DX COLLECTION SPECIMEN BRUSHING/WASHING,1217
19,TOTAL ABDOM HYSTERECTOMY,1181
20,EXPLORATORY OF ABDOMEN,1172
21,"REPAIR INCISIONAL HERNIA,REDUCIBLE",1095
22,EXCISE BREAST CYST,1059
23,"SHLDR ARTHROSCOP,PART DEBRIDE",1057
24,"INCISION EARDRUM,ASPIR,GEN ANESTH",1028
25,"HYSTEROSCOPY,W/ENDO BX",1008
26,"LAM W/O FACETEC FORAMOT/DSKC 1/2 VRT SEG, LUMBAR",991
27,"BIOPSY OF BREAST, INCISIONAL",978
28,D&C OF CERVIX STUMP,920
29,EXPLO/DRAIN BREAST ABSCESS,876
30,"REPAIR ING HERNIA,5+Y/O,REDUCIBL",835
31,REVISE MEDIAN N/CARPAL TUNNEL SURG,821
32,"DEBRIDEMENT, SKIN, SUB-Q TISSUE,=<20 SQ CM",754
33,"BIOPSY OF PROSTATE,NEEDLE/PUNCH",702
34,"LAP, SUPRACERVIAL HYSTERECTOMY W/ TUBE&OV, <250G",673
35,NJX DX/THER SBST EPIDURAL/SUBRACH CERV/THORACIC,655
36,"INJECT ANES/STEROID FORAMEN LUMBAR/SACRAL W IMG GUIDE ,1 LEVEL",633
37,UROLOGY SURGERY PROCEDURE UNLISTED,617
38,"FEMORAL FX, OPEN TX",616
39,SIGMOIDOSCOPY FLX DX W/COLLJ SPEC BR/WA IF PFRMD,597
40,"PARTIAL EXCISION THYROID,UNILAT",595
41,DRAIN SKIN ABSCESS SIMPLE,575
42,"LAP,PROSTATECTOMY,RADICAL,W/NERVE SPARE,INCL ROBOTIC",560
43,DSTR NROLYTC AGNT PARVERTEB FCT SNGL LMBR/SACRAL,557
44,ARTHRODESIS POSTERIOR/POSTEROLATERAL LUMBAR,550
45,"AMPUTATION FOOT,TRANSMETATARSAL",542
46,INSERT TUNNELED CV CATH WITH PORT,510
47,"LAP,SURG,COLECTOMY, PARTIAL, W/ANAST",508
48,"KNEE SCOPE,SHAVE ARTICULAR CART",496
49,INC IMPLTJ NEUROSTIMULATOR ELTRD SACRAL NERVE,454
50,"MASTECTOMY, PARTIAL",425
51,"LAP, VENTRAL HERNIA REPAIR,REDUCIBLE",425
52,"BONE BIOPSY,TROCAR/NEEDLE DEEP",421
53,"COLPOSCOPY,CERVIX W/ADJ VAG,W/LOOP BX",417
54,"DILATION/CURETTAGE,DIAGNOSTIC",415
55,"REVISION CERVIX W PREG,VAG APPRCH",409
56,"CERV SPINE FUSN,ANTER,CLIVUS-C1-C2",407
57,SPINE SURGERY PROCEDURE UNLISTED,401
58,NERVOUS SYSTEM SURGERY UNLISTED,379
59,"HYSTEROSCOPY,DX,SEP PROC",378
60,RECONSTR NOSE+MAJ SEPTAL REPAIR,350
61,OPEN TREATMENT MEDIAL MALLEOLUS FRACTURE,348
62,ALLOGRAFT FOR SPINE SURGERY ONLY STRUCTURAL,347
63,"BIOPSY/EXCISION, LYMPH NODE(S)",342
64,"STEREOTACTIC BRAIN BX,ASPIR,EXC",341
65,I&D RECTAL SUBMUCOSAL ABSCESS,334
66,REMOVAL DEEP IMPLANT,305
67,"LAP,SURG,COLECTOMY,W/ANAST,W/COLOSTOMY",303
68,"ANASTOMOSIS,AV,ANY SITE",298
69,"CORRECT BUNION,METATARSAL OSTEOTOMY",297
70,"RECONST MANDIBLE,C/L OSTEOTOMY",291
71,"MASTECTOMY, SIMPLE, COMPLETE",288
72,"LAP,SURG,ENTERECTOMY,RESECT & ANAST",268
73,"REMOVAL ADENOIDS,PRIMARY,<12 Y/O",267
74,"INJ DX/THER AGNT PARAVERT FACET JOINT, LUMBAR/SAC, 1ST LEVEL",267
75,EXCIS/CURET BENIGN ELBOW LESN,253
76,"OPEN SKULL EVAC HEMATOMA, SUPRATENTORIAL, SUB/ EXTRADURAL",252
77,POSTERIOR NON-SEGMENTAL INSTRUMENTATION,251
78,REMOVAL TUNNELED CV CATH W/O SUBQ PORT OR PUMP,243
79,"VAGINAL HYSTERECTOMY,UTERUS 250 GMS/<",243
80,"RECONST FACE,LEFORT I,1 PIECE",240
81,"KNEE SCOPE, W/LATERAL RELEASE",239
82,"SHLDR ARTHROSCOP,SURG,CAPSULORRHAPHY",238
83,ARTHROPLASTY TMJ,237
84,"CYSTOURETHROSCOPY,FULGURATN",236
85,RESUPERF WND BODY <2.5CM,232
86,OSTEOTOMY HUMERUS,231
87,INJECT RETROGRADE/CONDUIT X-RAY,230
88,"LARYNGOSCOPY,DIRECT,DIAGNOSTIC",229
89,ALLOGRAFT FOR SPINE SURGERY ONLY MORSELIZED,227
90,"LAP,ESOPHAGOGAST FUNDOPLASTY",227
91,"CYSTOSCOPY,REMV CALCULUS,SIMPLE",224
92,"LAP, SUPRACERVIAL HYSTERECTOMY, <250G",222
93,MUSCULOSKELETAL SURGERY UNLISTED,220
94,"REVISE KNEE JOINT REPLACE,1 PART",220
95,REVISE TOTAL HIP REPLACEMENT,204
96,OPEN TX RADIAL HEAD/NECK FRACTURE,198
97,REMV PILONIDAL LESION SIMPLE,198
98,"LAP,VAG HYST,UTERUS 250GMS/<",192
99,"LAP, RADICAL NEPHRECTOMY",189
100,PART REMV TALUS OR CALCANEUS,184
101,"KNEE SCOPE,DIAGNOSTIC",184
102,BRNSCHSC TNDSC EBUS DX/TX INTERVENTION PERPH LES,181
103,"KNEE SCOPE,AID ANT CRUCIATE REPAIR",180
104,SLING OPER STRES INCONTINENCE,180
105,MUSC/TENDON REPAIR EACH; ARM/ELBOW,177
106,TRACH TUBE CHANGE,175
107,LAP REVISE INTRAPERITONEAL CATHETER,174
108,RECONSTRUCT PROX HUMERAL IMPLANT,167
109,"EXPLOR MAXILL SINUS,INTRANASAL",165
110,FUSION OF ELBOW JOINT,164
111,INCISE FINGER TENDON SHEATH,161
112,EXPLORE & TREAT METACARPO-PHAL JT,160
113,REVISION OF LOWER EYELID,158
114,SKIN TISSUE PROCEDURE UNLISTED,158
115,SUSPENSION OF BREAST,155
116,"SURG DIAGNOSTIC EXAM, ANORECTAL",155
117,CRYOSURG ABLATION OF PROSTATE,154
118,OPEN RX SLIP EPIPHYSIS,153
119,REDUCTION OF LARGE BREAST,149
120,REMOVAL SUPERFICIAL IMPLANT,146
121,"MASTECTOMY,PARTIAL,  WITH AXILLARY LYMPHADENECTOMY",143
122,"HEMORRHOIDECTOMY,EXTERNAL, 2+ COLUMNS/GROUPS",139
123,"DEBRIDEMENT, SKIN, PARTIAL THICKNESS",138
124,"EXCISION OF BONE, LOWER JAW",137
125,EXC SKIN BENIG 2.1-3CM REMAINDR BODY,135
126,"CERV FUSN,BELOW C2,POST TECH",135
127,"ARTHROPLASTY MC-P JT,SINGLE",135
128,"CHG ECHO,TRANSRECTAL",129
129,"ANTER COLPORRHAPHY,BLAD/VAGINA",128
130,"SHLDR ARTHROSCOP,SURG,DIS CLAVICULECTOMY",128
131,"CIRCUMCISION,OTHR",128
132,HINDQUARTER AMPUTATION,127
133,"NASAL SCOPY,REMV PART ETHMOID",126
134,INJ FOR SACROILIAC JT ANESTH,126
135,CREATE SHUNT:VENTRIC-PERITONEAL,124
136,OPEN TX TIBIAL FRACTURE PROXIMAL UNICONDYLAR,123
137,EXCISION TUMOR SOFT TISSUE BACK/FLANK SUBQ <3CM,122
138,SHOULDER SURG PROC UNLISTED,121
139,INSERT TISSUE EXPANDER(S),120
140,"DEBRIDEMENT, SKIN, SUB-Q TISSUE,MUSCLE,BONE,=<20 SQ CM",117
141,"LAPAROSCOPY, SURG, COLPOPEXY",113
142,"SPINE FUSN,POST TECH,EA ADDNL SGMT",112
143,ARTHROCENTESIS ASPIR&/INJ MAJOR JT/BURSA W/O US,110
144,ENLARGE BREAST,109
145,"LAP,RMV  ADNEXAL STRUCTURE",108
146,"LAP,PARTIAL NEPHRECTOMY",106
147,VASCULAR SURGERY PROCEDURE UNLIST,105
148,CLOSED RX MANDIBLE FX+MANIPULATN,105
149,AMPUTATE METACARPAL+FINGER,102
150,EDG PERCUTANEOUS PLACEMENT GASTROSTOMY TUBE,98
151,"EXCISE EXCESS SKIN TISSUE,ABDOMEN",97
152,"NASAL/SINUS SCOPY,SURG TEAR DUCT",97
153,"ANKLE SCOPE,PLANTAR FASCIOTOMY",96
154,"EXC SKIN BENIG <5MM FACE,FACIAL",96
155,"RECONST MANDIBLE,SAG SPLIT",95
156,"REVISE THUMB TENDON,OTHR",95
157,DEBRIDE ASSOC OPEN FX/DISLOC SKIN/MUSCLE,95
158,"REVISION OF ILEOSTOMY,SIMPLE",95
159,TRANSURETHRAL ELEC-SURG PROSTATECTOM,94
160,"INJ DX/THER AGNT PARAVERT FACET JOINT, CERV/THORAC, 1ST LEVEL",91
161,"REMOVAL OF HYDROCELE,TUNICA,UNILAT",89
162,OPEN TREATMENT PROX HUMERAL FRACTURE,89
163,EXPLORE PARATHYROID GLANDS,89
164,IMPLANT PERIPH/GASTRIC NEUROSTIM/RECEIVER,89
165,PART REMOVAL COLON W ANASTOMOSIS,88
166,EAR CARTILAGE GRAFT TO FACE,87
167,EXC SKIN BENIG <5MM REMAINDR BODY,87
168,OPEN TX HUMERAL SUPRACONDYLAR FRACTURE W/O XTN,86
169,"EXCIS PITUITARY,INTRACRANIAL",83
170,FEMUR/KNEE SURG UNLISTED,83
171,"CYSTOSCOPY,INSERT URETERAL STENT",82
172,LAMNOTMY INCL W/DCMPRSN NRV ROOT 1 INTRSPC LUMBR,80
173,"OPEN FIX INTER/SUBTROCH FX,IMPLNT",79
174,BOWEL TO BOWEL ANASTOMOSIS,78
175,"AMPUTATION METATARSAL+TOE,SINGLE",78
176,REVISE ULNAR NERVE AT ELBOW,76
177,OPEN RX FEMUR FX+INTRAMED ROD,75
178,DENTAL SURGERY PROCEDURE,75
179,"LAP,ABD/PERIT/OMENTUM,UNLIST",75
180,EXCIS/CURET BENIGN TUMR CLAV/SCAPULA,74
181,"LAP, SUPRACERVIAL HYSTERECTOMY, >250G",74
182,"INJ DX/THER AGNT PARAVERT FACET JOINT, LUMBAR/SAC, ADD LEVEL",74
183,INCIS ACHILLES TENDON+LOCAL ANESTH,71
184,OPEN TX FEMORAL SUPRACONDYLAR FRACTURE W/O EXTENSION,71
185,"EXC SKIN BENIG <5MM TRUNK,ARM,LEG",71
186,"PERCUT REMV KID STONE,UP TO 2 CM",70
187,EXCISION TUMOR SOFT TISSUE PELVIS&HIP SUBQ 3+CM,69
188,"THROMBOENDARTECTMY NECK,NECK INCIS",68
189,"REMOVAL TESTIS,SIMPLE",68
190,"DESTRUCT,VAGINAL LESION(S),EXTENSIVE",67
191,"INSERT,INFLATABLE PENILE PROSTHESIS",67
192,"EXCIS RECTAL LESION,TRANSANAL",67
193,EXC TUMOR SOFT TISS BACK/FLANK SUBFASCIAL 5+CM,67
194,REMOVAL OF NAIL BED,67
195,DRAINAGE OF HEMATOMA/FLUID,66
196,INSERT TUNNELED CV CATH W/O PORT OR PUMP,66
197,REPAIR ORO-MAXILLARY FISTULA,65
198,CLOSED RX TIB PLAT FX+MANIP,65
199,TEMPORAL ARTERY LIGATN OR BX,64
200,"CLOSED RX NOSE FRACTURE, W/O MANIPULATION",64
201,"REMOVE BLADDER STONE,<2.5CM",63
202,"KNEE SCOPE,CLEAN/DRAIN",61
203,"CLOSED RX METACARPAL FX,MANIP",60
204,EXCIS VAGINAL CYST/TUMOR,60
205,"LAP,MYOMECTOMY 1-4,TOT WT 250 GMS",60
206,LAT LUMBAR SPINE FUSION,59
207,"LAM W/O FACETEC FORAMOT/DSKC 1/2 VRT SEG, THORACIC",59
208,"REMV PROSTATE,RETROPUB,RADICAL",56
209,REVISE/REMOVE PERIPH/GASTRIC NEUROSTIM/RECEIVER,56
210,"PARTIAL REMOVAL, CLAVICLE",55
211,COMBINED ANT/POST COLPORRHAPHY,55
212,"REPAIR OF HAMMERTOE,ONE",55
213,PARTIAL HIP REPLACEMENT,55
214,"CYSTOURETHROSCOPY,BIOPSY",55
215,"EXC PAROTD LESN,LATER LOBE",54
216,"REMV KIDNEY,W/RIB RESECTION",54
217,"INCIS TENDON SHEATH,RADIAL STYLOID",53
218,"BRAIN AVM SURG,SUPRATENT,COMPLX",53
219,INCISE/DRAIN BLADDER,53
220,PRQ IMPLTJ NEUROSTIM ELTRD SACRAL NRVE W/IMAGING,52
221,"EXCIS RECTAL PROLAPSE,PERINEAL",51
222,"HIP ARTHROSCOPY, DX",51
223,"HYSTEROSCOPY,W/ENDOMETRIAL ABLATION",50
224,RECONSTR TOTAL SHOULDER IMPLANT,49
225,"WRIST ARTHROSCOP,DIAGNOSTIC",48
226,"NASAL SCOPE,BX/RMV POLYP/DEBRID",48
227,RX ECTOP PREG BY LAPAROSCOPE,48
228,"LAP,LYMPH NODE BX",48
229,"ESOPHAGOSCOPY,ABLATION TUMOR",48
230,"REMOVE TONSILS/ADENOIDS,12+ Y/O",47
231,BREAST SURGERY PROCEDURE UNLISTED,47
232,"RELEASE PALM CONTRACT,PERCUTANEOUS",46
233,NASAL SURG PROC UNLISTED,46
234,PART REMOVAL COLON W COLOPROCTOSTOMY,46
235,"SPLIT GRFT TRUNK,ARM,LEG <100SQCM",46
236,EXPLORATORY RETROPERITONEAL,46
237,KNEE SCOPE/SURG/INCOND FX AID+FIXAT,45
238,REPAIR OF RECTOCELE,45
239,OPEN TX CARPAL SCAPHOID NAVICULAR FRACTURE,45
240,"INCISE TENDON/MUSCLE,SHLDR,SINGLE",45
241,"CORRECT BUNION,KELLER/MCBRIDE/MAYO",45
242,AMPUTATION LOW LEG THRU TIB/FIB,44
243,OPEN RX PATELLA FX,44
244,"ORCHIOPEXY,INGUNIAL APPROACH",44
245,"LAP PROCEDURE, UNLISTED, BLADDER",44
246,"REMV STOMACH,PART,DISTAL,GASTRODUOD",44
247,"INSERT,INFLATABLE SPHINCTER",43
248,"REPAIR EPIGASTRIC HERNIA,REDUC",42
249,MANIPULATN KNEE JT+ANESTHESIA,42
250,"SYNOVECTOMY METATAR-PHAL JT,EA",42
251,"BYPASS GRAFT OTHR,FEM-POP",42
252,REPLACE TISSUE EXPANDER,42
253,CRANIO/MAXILLOFACIAL SURG UNLISTED,42
254,"EXCIS INTERDIGITAL NEUROMA,EA",41
255,"PART REMV PANC,PROX+REMV DUOD+ANAST",41
256,UPPER ARM/ELBOW SURGERY UNLISTED,41
257,"INSERT CANNULA,ART-VEN REVISN",41
258,INSERT GASTROSTOMY TUBE PERCUTANEOUS,40
259,OPEN TREATMENT CLAVICULAR FRACTURE INTERNAL FX,40
260,"PLASTY KNEE,MED OR LAT COMPARTMT",40
261,ENDOSCOPY UPPER SMALL INTESTINE,40
262,PARTIAL REMOVAL HUMERUS,39
263,"EXPLOR/DRAIN KNEE,INFECTN",38
264,"PERCUT SKELETAL FIX, DISTAL RADIUS FX",37
265,OPEN RX MANDIBLE FX+DENTAL FIX,37
266,"CLOSED RX SLIP FEM EPIPHYSIS,PINS",37
267,PELVIS/HIP JOINT SURGERY UNLISTED,36
268,"CLOSED RX SHLDR DISLOC,ANESTHESIA",36
269,INSJ TUNNELED CTR VAD W/SUBQ PORT AGE 5 YR/>,36
270,OSTEOTOMY HEEL BONE,35
271,CRANIAL DECOMPRESSN POST FOSSA,34
272,"SUCT ASSIS LIPECTOMY,HEAD/NECK",34
273,PERC LAMINO-/LAMINECTOMY INDIR IMAG GUIDE LUMBAR,34
274,NEGATIVE PRESSURE WOUND THERAPY DME </= 50 SQ CM,34
275,EXPLORE/RELEASE POST CAP ANKLE JT,34
276,CARDIAC SURG PROCEDURE UNLIST,33
277,"LIGMT REVISION,KNEE,EXTRA-ARTIC",33
278,"SLING OPERATION,CORRECTION,MALE INCONT",32
279,"LAP, SURG ENTEROLYSIS",32
280,MARSUP BARTHOLIN GLAND CYST,32
281,"REPLANTATION DIGIT MCP, COMPLETE",31
282,MASTOID REVISN ->MOD RAD MASTOIDECT,31
283,CLOSE ENTEROSTOMY,30
284,SUBOCCIPT DECOMP MEDULLA/SP CRD,30
285,REMOVAL OF ELBOW BURSA,30
286,REMOVE MESH FROM ABD WALL FOR INFECTION,30
287,CYSTO INSERTION TRANSPROSTATIC IMPLANT SINGLE,30
288,EXCIS PRIMARY GANGLION WRIST,29
289,"CONIZATION CERVIX,KNIFE/LASER",29
290,OPEN RX NOSE FRACTURE,29
291,"PERC VERTEB AUGMENT/ KYPHOPLAST, THOR",29
292,"LAP, SURG CLOSE ENTEROSTOMY RESECT ANAST",29
293,"INJECT NERV BLCK,CERV PLEXUS",29
294,"LAP,SURG,COLECTOMY,W/ANAST",28
295,"REMOVAL OF EPIDIDYMIS,UNILAT",27
296,"FORM SKIN PEDICLE FLAP FACE,GEN,HAND",27
297,GASTROJEJUNOSTOMY,27
298,"PERCUT IMPLNT NEUROELECT,EPIDURAL",26
299,"CONTROL THROAT BLEED,SIMPLE",26
300,"GENITAL SURG PROC,MALE UNLISTED",26
301,INCISION OF LIP FOLD,25
302,"NEPHRECTOMY, W/PART. URETECTOMY",25
303,OPEN TREATMENT OF ULNAR SHAFT FRACTURE,25
304,"ANKLE SCOPE,EXCIS OSTEOCHON DEFCT",25
305,"RECTAL TUMOR EXCISION, TRANSANAL ENDOSCOPIC MICROSURG, FULL THICK",25
306,MASTECTOMY FOR GYNECOMASTIA,24
307,REMOVAL IMPACTED CERUMEN INSTRUMENTATION UNILAT,24
308,CRANIECT EXCIS SKULL BONE LESN,24
309,"EXCIS TENDN/CAPSULE LESN,FOOT",23
310,"GENITAL SURG PROC, FEMALE UNLISTED",23
311,"LAP,SPLENECTOMY",23
312,OPEN RX DEPRESS ZYGOMA FRAC,23
313,"CLOSED RX RADIAL HEAD/NECK FX,MANIP",22
314,"CLOSED RX DIST RAD/ULNA FX,MANIPUL",22
315,"CLOSED RX TRAUMA HIP DISLOC,ANESTH",22
316,ANTERIOR INSTRUMENTATION 2-3 VERTEBRAL SEGMENTS,22
317,"AMPUTATE THIGH,THRU FEMUR",22
318,BREAST RECONSTRUC W LAT DORSI FLAP,22
319,EXCISE VARICOCELE,22
320,"LARYNGOSCOPY,DIRCT,INJ VOCAL CORD",22
321,"INJECT NERV BLCK,PARAVERT SYMPATH",22
322,"OSTEOTOMY, MANDIBLE",21
323,"LAP,PYELOPLASTY",21
324,OPEN TREATMENT METATARSAL FRACTURE EACH,21
325,INCISION OF FOOT/TOE FASCIA,21
326,TRABECULOPLASTY BY LASER SURGERY,21
327,RESECT/DEBRIDE ACUTE NECROT PANCREAS,21
328,"EXPLORE UNDESC TESTIS,INGUIN/SCROTAL",20
329,IMPLANT SPINAL NEUROSTIM/RECEIVER,20
330,STOMACH SURGERY PROCEDURE UNLISTED,20
331,"LAP,ESOPHAGUS,OTHER PROC",20
332,"PART PALMAR FASCIEC,OPEN 1 DIGIT",19
333,OPEN TREATMENT PROXIMAL FIBULA/SHAFT FRACTURE,19
334,"FETAL CORD PUNCTURE,PRENATAL",19
335,"BX/EXCIS SPIN TUM,INDUR,XMED,LUMB",19
336,"REMOVAL SPLEEN, TOTAL",19
337,"NEEDLE BIOPSY LIVER,W OTHR PROC",19
338,PART EXCIS 5TH METATARSAL HEAD,19
339,"LAP,ADRENALECTOMY",19
340,"SB SCOPE,TO ILEUM,DIAGNOSTIC",19
341,"FIX INFRAPATELLA TENDON,PRIMARY",19
342,"APPLY BONE UNIPLANE,EXT FIX DEV",18
343,HAND/FINGER SURGERY UNLISTED,18
344,INJECT TENDON SHEATH/LIGAMENT,18
345,"RESECT SMALL INTEST,SINGL RESEC/ANAS",18
346,BURR HOLE FOR BIOPSY,18
347,EXCIS TESTIS EXTRAPARENCHYMAL LESION,18
348,REDUCE TESTIS TORSION,18
349,REELBOW LAT LIGMNT W/TISS,17
350,SURG EXCISION OF ANAL LESION(S),17
351,REVISION OF CRANIAL NERVE,17
352,"BRONCHOSCOPY,DIAGNOSTIC",17
353,"DESTRUCT,VAGINAL LESION(S),SIMPLE",17
354,PARTIAL REMOVAL OF HYMEN,16
355,"REMV VERT BODY,CERV,ONE SGMT",16
356,INTERDENTAL FIXATION,16
357,"MASTECTOMY, RADICAL",16
358,"REBL VES GRAFT,LOW EXTREM",16
359,EXCIS PTERYGIUM,16
360,ENDOSCOPIC INJECTION/IMPLANT,16
361,"REVISION OF EYELID,< 1/4 LID MARGIN",16
362,"NASAL/SINUS ENDOSCOPY,W/DILAT MAXILLARY SINUS OSTIUM",16
363,DSTR NROLYTC AGNT PARVERTEB FCT SNGL CRVCL/THORA,16
364,"ARTHROPLASTY I-P JT,IMPLANT",15
365,"NASAL SCOPY,EXPLOR FRONTAL SINUS",15
366,REMOVAL OF FALLOPIAN TUBE,15
367,REVISION EYELID UNLISTED,15
368,ESOPHAGUS SURG PROCEDURE UNLISTED,15
369,"LAP,HERNIA REPAIR PROC,UNLIST",15
370,INC/DRAIN PERITONSIL ABSCESS,15
371,"ERCP,RMV F.B./CHANGE STENT",15
372,"LAP, REMOVE ADJUST GAST RESTRICT DEVICE",15
373,"EXCISION TURBINATE,SUBMUCOUS",15
374,"PROCTECTOMY,AP RESECT+OSTOMY",14
375,SINUS SURGERY PROC UNLISTED,14
376,EXCISE ADRENAL GLAND,14
377,"CTRL NOSEBLEED,ANTER,COMPLEX",14
378,EXCIS THYROID DUCT CYST/SINUS,14
379,REMOVAL OF CARPAL BONE,14
380,"CLOSED RX MID HUMERUS FX,MANIPULATN",14
381,"CYSTOSCOPY,DIL URETHRAL STRICTURE",14
382,"NASAL SCOPY,SPHENOIDOTOMY",14
383,PALATOPHAYNGOPLASTY,14
384,"RESEC LIVER,PART LOBECTOMY",14
385,MANDIBLE GRAFT,13
386,EXC TUMOR SOFT TISS UPPER ARM/ELBOW SUBQ <3CM,13
387,"EXPLORE WOUND,NECK",13
388,MUSCLE BIOPSY,13
389,"ELBOW ARTHROSCOP,DIAGNOSTIC",13
390,EXC PRES ULCER UNLISTED,13
391,EXCIS SPERMATOCELE,13
392,"REVAGINAL PROLAPSE,SACROSP LIG",13
393,LAPAROSCOPY W TOT HYSTERECT UTERUS 250 GRAM OR LESS,13
394,"CHANGE URETER STENT, PERCUT",13
395,"INJECT DISKOGRAM,LUMBAR,EA LEVEL",13
396,OPEN REDUCTN TEM-MANDIBLE DISLOC,12
397,ESOPHAGOSCOPY FLEXIBLE TRANSORAL DIAGNOSTIC,12
398,LARYNX SURG PROC UNLISTED,12
399,"FULL THICK GRFT SCALP,ARM,LEG <20SQC",12
400,EXCISION TUMOR SOFT TISSUE BACK/FLANK SUBQ 3+CM,12
401,"IMPLANT/REPLACE HEAR AID,TEMP BONE",12
402,"LAP, ESOPHAGOMYOTOMY W FUNDOPLASTY",12
403,ABDOMEN WALL SURG PROC UNLISTED,12
404,"LAP, SURG PROCTECTOMY W COLOSTOMY",12
405,"ADJ TISS XFER HEAD,FAC,HAND <10SQCM",11
406,FILL CONTOUR DEFCT <1CC,11
407,PST SPINOUS PROCESS DEVICE INSERT LMBR 1 LVL,11
408,"REMVL,INFLAT PENILE PROSTH W/O REPLACMT",11
409,"LAP, SURG JEJUNOSTOMY",11
410,PLACEMENT ENTEROSTOMY/CECOSTOMY TUBE OPEN,11
411,REM SUTURES W ANESTH SAME SURGEON,11
412,"NASAL ENDOSCOPY,DX",11
413,REPAIR BICEPS LONG TENDON,11
414,REPAIR ANTER TIBIAL TUBERCLE,10
415,DRAINAGE OF HIP JOINT,10
416,"LENGTH/SHORT LEG/ANKL TENDON,SINGLE",10
417,FOREARM/WRIST SURGERY UNLISTED,10
418,APPENDECTOMY,10
419,INCISION OF URETHRAL MEATUS,10
420,REMOVAL OF FOREHEAD WRINKLES,10
421,EXCISION SUBLING SALIVARY CYST,10
422,"BX/REMV,LYMPH NODE,DEEP CERV",10
423,BREAST RECONSTRUC W OTHR TECHNIQ,10
424,DSTR NROLYTC AGNT PARVERTEB FCT ADDL CRVCL/THORA,10
425,"INJ,CERV/THORAC,FOR DISKOGRAPHY",10
426,GASTROCNEMIUS RECESSION,10
427,EGD PERCUTANEOUS PLACEMENT GASTROSTOMY TUBE,10
428,"UNLISTED LAPAROSCOPY PROC, URETER",9
429,NECK/CHEST PROCEDURE UNLISTED,9
430,"REANEURYSM/GRFT INS,ABD AORT W/ILIAC",9
431,"ODONTOID FX,W/O GRAFT,OPEN",9
432,CRANIECT EXPL/DECOM CRANIAL NER,9
433,EXCISION/DESTRUCTION OPEN ABDOMINAL TUMORS 5 CM,9
434,"REVISION OF SCROTUM,SIMPLE",9
435,REMOVAL OF KNEE PROSTHESIS,9
436,"REVISE KNEE JOINT REPLACE,ALL PARTS",9
437,NDSC EVAL INTSTINAL POUCH DX W/COLLJ SPEC SPX,9
438,"NEUROPLASTY OTHER ARM/LEG NERVE,OPEN",8
439,"PART REMV BLADDER,SIMPLE",8
440,"LAP, SURG COLOSTOMY",8
441,REMV GALLBLADDER W CHOLANGIOGRAM,8
442,REMOVAL OF COCCYX,8
443,"NASAL/SINUS ENDOSCOPY,W/DILAT FRONTAL SINUS OSTIUM",8
444,"LAP,FULGURATE/EXCISE LESIONS",8
445,"REMOVE VAGINA WALL, PARTIAL",8
446,RELEASE MC-P JT CONTRACTURE,7
447,CLOSED RX METACARPAL FX,7
448,ABDOMEN SURGERY PROC UNLISTED,7
449,RECONST CHIN AUGMENT,7
450,"FIX LID PTOSIS,LEVATR RESEC,EXTERN",7
451,"FREEING BOWEL ADHESION,ENTEROLYSIS",7
452,"CRANIOTOMY,REPAIR,DURAL/CSF LEAK",7
453,REVISE EXTERNAL EAR,7
454,"LAP,PELVIC LYMPHADENECTOMY",7
455,INCISION OF URETHRA,7
456,"LAP, SURG PROCTOPEXY",7
457,ARTHROPLASTY TMJ+PROSTHESIS,7
458,REVISE/REMOVE SPINAL NEUROSTIM/RECEIVER,7
459,CLOSURE OF VAGINA,7
460,"LAP,VAG HYST,UTERUS 250GMS/<,SALP-OOPH",7
461,OPEN SKULL SUPRATENT EXPLORE,7
462,IMPLANT MESH HERNIA REPAIR/DEBRIDEMENT CLOSURE,7
463,OPEN RX NOSE FX COMPLICATED,7
464,"THYROID LOBECTOMY,UNILAT",6
465,DISARTICULATION OF HIP,6
466,"LAP,ABLATION, RENAL MASS LESION(S), ULTRASOUND GUIDE",6
467,RECONSTRUC OF NAIL BED,6
468,"REMOV SESAMOID BONE,1ST TOE",6
469,"REPAIR COLLAT ANKLE LIGMNT,SECONDARY",6
470,AMPUTATION FINGER/THUMB,6
471,"MASTECTOMY, SUBCUTANEOUS",6
472,"EXCIS CHALAZION,GEN ANESTHESIA",6
473,"LARYNGOSCOPY,DIRCT,OP,BIOPSY",6
474,"URETEROILEAL CONDUIT,W/BOWEL ANASTOMOSIS",6
475,"BX/REMV,LYMPH NODE,DEEP AXILL",6
476,"INJECTION,THERAP/PROPH/DIAGNOST, IV OR INTRA-ARTERIAL, NOS",6
477,ANAL SPHINCTEROTOMY,6
478,MOBILIZE SPLENIC FLEX,6
479,REVISION OF EYELID,6
480,UNLISTED PROCEDURE SMALL INTESTINE,6
481,PALATE/UVULA SURGERY UNLISTED,6
482,"PLACE RADIOTHER DEVICE/MARKER, PROSTATE",6
483,"REPAIR FLEX LEG TENDON,PRIM,EA",6
484,"REPAIR OF ANAL SPHINCTER,ADULT",6
485,"ARTHRODESIS ANT INTERBODY INC DISCECTOMY, CERVICAL BELOW C2",6
486,"BRONCHOSCOPY,TRACH DIL+STENT",6
487,CORRJ HALLUX VALGUS W/SESMDC W/RESCJ PROX PHAL,6
488,RECONST ORBIT/FOREHEAD BIFRONTAL,5
489,IMP SPINAL CANAL CATH,5
490,CORRECT SKIN COLR DEFCT <6SQ CM,5
491,RECTUM SURGERY PROCEDURE UNLISTED,5
492,DCMPRN PERQ NUCLEUS PULPOSUS 1/> LEVELS LUMBAR,5
493,"LUMBAR SPINE FUSION,ANTER APPRCH",5
494,NEPHRECTOMY,5
495,"NASAL/SINUS SCOPY,RMV CONCHA BULL",5
496,"FUSION FOOT BONES,TRIPLE",5
497,"TREAT ECTOPIC PREG,ABD PREG",5
498,SALIVARY SURG UNLISTED PROC,5
499,REMOVAL OF BREAST IMPLANT,5
500,"EXPLORATION, CAROTID ARTERY",5
501,INCISION OF JAW JOINT,5
502,PART SIMPLE REMV VULVA,5
503,"INCIS/DRAIN SCROTUM/TESTIS,EPIDIDYM",5
504,"EXPLOR MAXILL SINUS,RMV POLYPS",5
505,"REVISION OF COLOSTOMY,SIMPLE",5
506,"REMOV ESOPHAG DIVERTIC,CERV APPRCH",5
507,"ARTHRODESIS,ANKLE,OPEN",5
508,"ARTHROPLASTY,ELBOW,TOTAL PROSTH REPL",5
509,REPAIR PARAESOPHAGEAL HERNIA,5
510,INCISION OF SPERM DUCT,5
511,"REMOVAL TESTIS,RADICAL",5
512,"NASAL/SINUS SCOPY,W/CONTROL NASAL HEM",5
513,"INJECT NERV BLCK,OTHR PERIPH NERV",5
514,EXCIS EPIDIDYMIS LOCAL LESION,4
515,"EXCIS DISTAL ULNA,PART/COMPLETE",4
516,"LAP,SLING OPERATION",4
517,MICROVASCULAR ILIAC CREST GRAFT,4
518,EXCIS INFRATENT CP ANGLE TUMOR,4
519,TARSAL TUNNEL RELEASE,4
520,REVISE URINARY-CUTAN ANAST,4
521,"REMV KIDNEY,RADICAL",4
522,"BIOPSY CERVIX, 1 OR MORE, OR EXCISION OF LESION",4
523,REMOVE INTRAUTERINE DEVICE,4
524,TEAR DUCT SYSTEM SURG UNLISTED,4
525,VENT TUBE REMVL REQ GEN ANESTHESIA,4
526,SURGERY OF BREAST CAPSULE,4
527,FOOT/TOES SURGERY PROC UNLISTED,4
528,"REMV KIDNEY/URETER,SAME INCIS",4
529,"VEIN BYPASS GRAFT,AORTOFEMORAL",4
530,SURGICAL OPENING OF STOMACH,4
531,"REMOVE URETER STENT, PERCUT",4
532,"RECONSTRUCTION,EXT AUDITORY CANAL",4
533,"REMOVAL OF HIP PROSTHESIS,COMPLEX",4
534,RAD RESECTION TUMOR SOFT TISSUE ABDL WALL 5 CM/>,4
535,"REIMPLANT URETER,SINGLE URETER",4
536,EXPLORATION OF ARTERY/VEIN,4
537,"KNEE SCOPE,PART SYNOVECT",4
538,"KNEE SCOPE,LYSIS OF ADHESNS",4
539,"REVISE,GASTROJEJUN ANAST,W/O VAGOTOMY",4
540,ILEOSCOPY THRU STOMA DX W/COLLJ SPEC WHEN PRFMD,4
541,REMOVAL OF HEEL SPUR,4
542,ENTEROSC >2ND PRTN W/ILEUM W/WO COLLJ SPEC SPX,4
543,"BRONCHOSCOPY,TRACH/BRONCH DILATN",3
544,"INSERT SPINE INFUSN DEVICE,SUBCUT",3
545,"ENDOVENOUS RF, 1ST VEIN",3
546,"HYPOSPADIUS REPAIR,2ND STAGE,<3CM",3
547,CORRECT FINGER DEFORMITY,3
548,RECONSTR OF ORBIT,3
549,EXCISION OF UVULA,3
550,RECMPL WND TRUNK 2.6-7.5CM,3
551,"CREATE EARDRUM OPENING,GEN ANESTH",3
552,"CLOSED RX TIBIA SHAFT FX,MANIPULATN",3
553,"LAP, SURG ILEO/JEJUNO-STOMY",3
554,REMV BONE FOR GRAFT MINOR,3
555,"PART REMOVAL TONGUE, 1/2",3
556,SUPRACERV ABD HYSTERECTOMY,3
557,EYE SURG ANT SGMT PROC UNLISTED,3
558,"REOPEN FALLOPIAN TUBE,CHROMOTUBATION",3
559,DECOMPRESS ANT/LAT LEG CMPART,3
560,"NASAL,MAXILLA,MALAR BONE GRAFT",3
561,"THROMBECTOMY A-V GRAFT, EXC HEMODIALYSIS",3
562,CYSTOURETHROSCOPY W/IRRIG & EVAC CLOTS,3
563,"OPEN BLADDER,REMV CALCULUS",3
564,FULL EXCIS 1ST METATARSAL HEAD,3
565,REMVL COLON & TERM ILEUM W/ILEOCOLOSTOMY,3
566,REMOVAL OF OVARIAN CYST(S),3
567,"REFOREARM TEND/MUSC,FLEX,PRIM,EA",3
568,"RENAL SCOPE,ENDOPYELOTOMY",3
569,"REPLACEMENT/REVISION,CSF SHUNT",3
570,"BRAIN AVM SURG,SUPRATENT,SIMPLE",3
571,RECONST CHIN SLIDE SINGL OSTEOTOMY,3
572,ENDOCERVICAL CURETTAGE,3
573,LASER SURGERY OF CERVIX,3
574,"INJECTION HIP ARTHROGRAM,ANESTH",3
575,CORRJ HALLUX VALGUS W/SESMDC W/DIST METAR OSTEOT,3
576,PERCUT FIX HUM SUPRACONDYLAR FX,2
577,"LAP,STOMACH,OTHER,W/O TUBE",2
578,EXPLORATION OF SPINAL FUSION,2
579,DRAIN PILONIDAL CYST SIMPL,2
580,"OBLITER FRONT SINUS,BROW INCIS",2
581,BIOPSY OF UTERUS LINING,2
582,REMV CORONOID PROCESS,2
583,LAMNOTMY INCL W/DCMPRSN NRV ROOT 1 INTRSPC CERVC,2
584,"REMV PROSTATE,RETROPUB,RAD,TOT NODES",2
585,"LAM W/O FACETEC FORAMOT/DSKC 1/2 VRT SEG, CERVICAL",2
586,"ANTER VESICOURETHROPEXY,SIMPLE",2
587,"CLOSED RX HUM SUPRACONDYLR FX,MANIPU",2
588,BIOPSY OF URETHRA,2
589,SHOULDER SCOPE BONE SHAVING,2
590,LAP GASTRIC BYPASS/ROUX-EN-Y,2
591,"REMV ART CLOT ILIAC-POP,LEG INCIS",2
592,I&D BARTHOLIN GLAND ABSCESS,2
593,"REVISION RENAL PELVIS,SIMPLE",2
594,"CYSTOURETHROSCOPY,FULGUR <.5CM LESN",2
595,"REMOVAL URETER,BLADDER CUFF",2
596,REMOVAL OF ANAL FISSURE,2
597,"LAP,ABLATION OF RENAL CYSTS",2
598,CLOSURE SUPERF WND DEHIS SIMPLE,2
599,APPLY HALO 6/> PINS THIN SKULL OSTEOLOGY,2
600,"REMV PART POST VERT,EA ADDN SGMT",2
601,"REPAIR FEMORAL HERNIA,REDUCIBLE",2
602,COLOSTOMY,2
603,REPAIR OF DIGIT NERVE,2
604,"EXCISE EXCESS SKIN TISSUE,ARM",2
605,REMOV NECK WRINKLES W PLTSY TIGHT,2
606,"INJ,LUMB EPIDUR,BLOOD/CLOT PATCH",2
607,"EXC SKIN MALIG <5MM TRUNK,ARM,LEG",2
608,"LAP, SURG MOBIL SPLENIC FL DUR PTL COLECTOMY",2
609,"REVIS COLOSTOMY,REPARACOLO HERNIA",2
610,AUTOGRAFT SPINE SURGERY MORSELIZED SEP INCISION,2
611,DELAY BREAST PROS AFTER BREAST SURG,2
612,CHANGE URETERAL STENT VIA TRANSURETH,2
613,"AMPUTATN ARM,THRU HUMER,SECOND CLOS",2
614,"LAMINEC/FACETECT/FORAMIN,LUMBAR 1 SEG",2
615,"AMPUTATE THIGH,RE-AMPUTATN",2
616,"FIX LID PTOSIS,LEVATR RESEC,INTERN",2
617,AMPUTATION AT SHOULDER JOINT,2
618,REMOVAL OF OVARY/TUBE(S),2
619,EX TUM/VASC MALF SFT TISS HAND/FNGR SUBQ 1.5+CM,2
620,"LAP,LIGATION SPERMATIC VEINS",2
621,"REVISE URETHRA, 1ST STAGE",2
622,"LAP,GASTROSTOMY,W/O TUBE CONSTR",2
623,"DRESSING CHANGE,NOT FOR BURN",2
624,ENDOVASC TAA REW/O SUBCL,2
625,"INJECT NERV BLCK,AXILLARY NERV",2
626,"TRANSCATH STENT INIT VESSEL,PERCUT",2
627,RMVL & RPLCMT INTLY DWELLING URETERAL STENT PRQ,2
628,TOTAL ABD HYSTEREC+LTD NODES,1
629,EXCHANGE LENS PROSTHESIS,1
630,RECONSTRUC HIP SOCKET,1
631,FREE MUSC-SKIN FLAP W/MICROVASC ANAST,1
632,FUSION FINGER JOINT,1
633,"FIX COLLAT LIG,MC-P JT,I-P JT",1
634,MOUTH SURGERY PROC UNLISTED,1
635,REMOVE & REPLACE CSF SHUNT,1
636,OPEN BONE BIOP VERT LUMB/CERV,1
637,LIGATN OF EXTREMITY ARTERY,1
638,"REVISION CERVIX W PREG,ABD APPRCH",1
639,"FULL ROUT OBSTE CARE,VAGINAL DELIV",1
640,"INSERT/ REPLACE INFUSN PUMP,PROGRAMMABLE",1
641,"REPAIR OF WEB FINGER,EACH",1
642,RECONST MIDFACE,1
643,"DEBRIDEMENT, SKIN, SUB-Q TISSUE,MUSCLE,=<20 SQ CM",1
644,INSERTION TUNNEL INTRAPERITONEAL CATH W IMAGE GUIDANCE,1
645,"EXPLORATION, FEMORAL ARTERY",1
646,"SUSPENSION OF VAGINA,ABD APPRCH",1
647,REVISE/REMOVE SPINAL NEUROELECTRODE/PLATE/PADDLE,1
648,"ANAST PANC CYST-BOWEL,DIRECT",1
649,"DECOMP FOREARM,1 COMPART,W/O DEBRIDE",1
650,DILATION OF VAGINA W ANESTH,1
651,TUBE THORACOSTOMY INCLUDES WATER SEAL,1
652,"EXCISE EXCESS SKIN TISSUE,THIGH",1
653,I&D OF VULVA/PERINEUM ABSCESS,1
654,EXPLORATION OF KIDNEY,1
655,"REMOVAL ANAL FISTULA,INTERSPNINCTERIC",1
656,"EXCIS KNEE CARTILAGE,MEDIAL OR LAT",1
657,REMV/REVS SLING FOR STRES INCONTINENCE,1
658,"LAP,RENAL PROCEDURE,UNLISTED",1
659,"REMV PART POST CERV VERT,1 LVL",1
660,THROAT SURGERY PROCEDURE UNLISTED,1
661,"PLACEMENT,SETON",1
662,"REMOVAL, PELVIC LYMPH NODES,STAGING",1
663,REMOVAL OF TALUS,1
664,"OBSTETRICAL CARE,VAG DELIV ONLY",1
665,ENLARGE BREAST WITH IMPLANT,1
666,"APPLY CAST,FIGURE-OF-EIGHT",1
667,DEEP MUSCLE BIOPSY,1
668,"CYSTOSCOPY,MANIPULATN",1
669,"REPAIR FLEX TENDON,ZONE 2,HAND",1
670,"LAP,SURG,COLECTOMY,TOTAL,W/O PROCTECTOMY",1
671,LIVER SURGERY PROCEDURE UNLISTED,1
672,"REPAIR MOUTH LACERATION,<2.5CM",1
673,MIDDLE EAR SURGERY PROC UNLISTED,1
674,HEMORRHOIDOPEXY BY STAPLING,1
675,"REPAIR EXTEN TENDON,DORSUM HAND,EA",1
676,REMOVAL COLON/ILEOSTOMY,1
677,"ANKLE SCOPE,PART DEBRIDEMENT",1
678,"NASAL SCOPY,OPEN MAXILL SINUS",1
679,LYSIS OF LABIAL LESION(S),1
680,ARTHROCENTESIS ASPIR&/INJ SMALL JT/BURSA W/O US,1
681,"KNEE SCOPE,ABRASN ARTHROPLASTY",1
682,"REVASCULARIZATION, PENIS",1
683,CONV PREV HIP SURG TO TOT HIP ARTHROPLAS,1
684,"REMOVAL NODES, NECK,CERV MOD RAD",1
685,INSERT TESTICULAR PROSTHESIS,1
686,EXCISE PHARYNX LESION,1
687,"BIOPSY OF TESTIS,NEEDLE",1
688,"SUCT ASSIS LIPECTOMY,LOW EXTREM",1
689,PART REMV PHALANX OF TOE,1
690,"INSTALL SPINAL SHUNT,LAMINECTOMY",1
691,BURR HOLE EVAC SUBDUR/EXTRA HEMATOMA,1
692,I&D DEEP ABSC/HEMATOMA NECK/CHEST,1
693,"COLPOSCOPY,CERVIX W/ADJ VAGINA",1
694,CANTHOPLASTY,1
695,OPEN TX HUMERAL EPICONDYLAR FRACTURE,1
696,"EXPLOR MAXILL SINUS,RADICAL",1
697,TENOTOMY ELBOW LATERAL/MEDIAL PERCUTANEOUS,1
698,LIGATN ANGIOACCESS AV FISTULA,1
699,"REBL VES DIRECT,UP EXTREM",1
700,REPAIR TOOTH SOCKET,1
701,REMOVAL OF SPINAL SHUNT,1
702,"CHOLECYSTOSTOMY,OPEN EXPLOR/DRAIN/ REMV CALCULUS",1
703,"EXCISION, GUM, EACH QUADRANT",1
704,INSERT ABDOMEN-VENOUS SHUNT,1
705,"REPLANTATION, HAND, COMPLETE",1
706,SECD CLOS SURG WND EXTEN/COMPLIC,1
707,"REMOVAL STOMACH,ROUX-EN-Y",1
708,"REMOVAL,INFLATABLE SPHINCTER",1
709,"CYSTOSCOPY,DIR VIS INT URETHROTOMY",1
710,REMOVAL TUNNELED INTRAPERITONEAL CATHETER,1
711,HEMORRHOIDECTOMY INTERNAL RUBBER BAND LIGATIONS,1
712,"DEST,PARAVERTEBRAL,L/S,SINGLE",1
713,ADJ TISS XFER TRUNK <10SQCM,1
714,"KNEE SCOPE,REMV LOOSE BODY",1
715,ESOPHAGOGASTRODUODENOSCOPY SUBMUCOSAL INJECTION,1
716,INSERT TUNNELED CV CATH W/O PORT OR PUMP < 5 Y/O,1
717,"KNEE SCOPE, AUTOGRAFT IMPANT",1
718,"ERCP,SPHINCTEROTOMY",1
719,"INJECT NERV BLCK,STELLATE GANGLION",1
720,"REPAIR FLEXOR TENDON,HAND,W/O GRAFT,EA",1
721,REMOVAL URACHAL CYST,1
722,"INJ,NEUROLYTIC,EPID/LUMB/CAUDAL",1
723,REPAIR OF NASAL SEPTUM,1
724,AUTOGRAFT SPINE SURGERY LOCAL FROM SAME INCISION,1
725,"URETEROCOLON CONDUIT,W/BOWEL ANASTOMOSIS",1
726,"LAP,CHOLECYSTECTOMY/EXPLORE",1
727,EDG DILATION GASTRIC/DUODENAL STRICTURE,1
728,"REPLACE CV CATH, CATHETER ONLY W SUBQ PUMP OR PORT",1
729,"REPR,DURAL/CSF LEAK,NOT REQ LAMINECTOMY",1
730,REPAIR VAGINA/PERINEUM,1
731,"BX,PENIS (SEPARATE PROCEDURE)",1
732,IMPLANT URETER IN BOWEL,1
733,"TWIST HOLE SKULL,IMPLANT CATH/DEVICE",1
734,STAPEDECTOMY,1
735,"NASAL SCOPY,RECSF LEAK,SPHENOID",1
736,EDG TRANSORAL CONTROL BLEEDING ANY METHOD,1
737,"REMOVAL & REPLACE,INFLATABLE SPHINCTER",1
738,"INSTALL SPINAL SHUNT,PERCUT",1
739,EXC SKIN MALIG <5MM REMAINDR BODY,1
740,COLSC FLEXIBLE W/TRANSENDOSCOPIC BALLOON DILAT,1
741,REMOVE KNEE CYST/GANGLION,1
742,"REMOVAL PENIS,PARTIAL",1
743,"REMOVAL,COMPLETE CSF SHUNT,W/O REPLACE",1
744,REMOVE FOREIGN BODY SIMPLE,1
745,"INJECT TRIGGER POINT, 1 OR 2",1
746,"CYSTOSCOPY,TX URETERAL STRICTURE",1
747,PART REMOVAL COLON W END COLOSTOMY,1
748,EXPLORE/DRAIN ELBOW FOR INFECT,1
749,EXCIS/UNROOF RENAL CYST,1
750,ARTHRODESIS POSTERIOR/POSTEROLATERAL THORACIC,1
751,"CLOSED RX PROX/NECK FEMUR FX,MANIP",1
752,REPAIR OF SPERM DUCT,1
753,OPEN RX LEFORTE I,1
754,PROBE NASOLACRIMAL DUCT,1
755,EXCISE BREAST DUCT FISTULA,1
756,TRANSURETHRAL RESEC BLADDER NECK,1
757,REMOVE INFUSN DEVICE/PUMP,1
758,"DIST REVAS LIGATION, HEMO",1
759,SIGMOIDOSCOPY W/ENDOSCOPIC US EXAM,1
760,"RENAL ENDOSCOPY,REMV FB/STONE",1
761,RE-AMPUTATION THRU WRIST,1
762,"REVISN JAW MUSCLE/BONE,EXTRAORAL",1
763,"REMOVAL SALIVARY STONE,UNCOMPLIC",1
764,CLOSE RECTUM-BLADDER FISTULA,1
765,INSERT EYE SOCKET IMPLANT,1
766,"BIOPSY OF VAGINA,SIMPLE",1
767,"INCIS/DRAIN THIGH/KNEE ABSCESS,DEEP",1
768,REPAIR NONUNION SCAPHOID CARPAL BONE,1
769,"ILEOSTOMY/JEJUNOSTOMY,NONTUBE",1
770,"SYMPATHECTOMY,LUMBAR",1
771,"ENDOMETRIAL ABLATION, THERMAL",1
772,"HYSTEROSCOPY,LYSIS ADHESIONS",1
773,BIOPSY OF RECTUM,1
774,"DESTR PENIS LESN,SIMPL,LASER SURG",1
775,INSERT EMERGENCY ENDOTRACH AIRWAY,1
776,"DEBRIDE NECROTIC SKIN/ TISSUE, GENIT & PERINM",1
777,"REMOVAL OF TONSILS,<12 Y/O",1
778,"TRACH REVISION,SIMPLE",1
779,ANASTOMSIS OF URETER,1
780,TRANSURETHRAL INCISION OF PROSTATE,1
781,"VAG HYST,RMV TUBE/OVARY",1
782,REMOVAL OF OMENTUM,1
783,"LAP, RADICAL HYST W/ TUBE&OV, NODE BX",1
784,"PROCTOSIGMOIDOSCOPY,RIGID,DIAGNOS",1
785,"REPAIR ACHILLES TENDON,PRIMARY",1
786,"REPAIR OF PERINEUM,NON OBSTETRICAL",1
787,"REMOVAL OF SKIN TAGS, UP TO 15",1
788,INSJ TUNNELED CVC W/O SUBQ PORT/PMP AGE 5 YR/>,1
789,"CYSTO/URETEROSCOPY,TX URETER STRICT",1
790,"EXCISION BRACH CLFT CYST,SUPERFICIAL",1
791,"WRIST ARTHROSCOP,RELEASE XVERS LIG",1
792,EXCISE CUTANEOUS NEUROFIBROMA,1
793,"EXCIS JT LINING,CARPOMETACARPAL JT",1
794,"EXCIS BENIGN LESN,TIB/FIB",1
795,"REPAIR COMPL ROTATOR CUFF AVULSN,CHR",1
796,"INJ,ANES AGENT,FEMORAL NERVE,SINGLE",1
